7zip	0:26.02-1.fc44.aarch64	7zip-26.02-1.fc44.src.rpm
LibRaw	0:0.22.2-1.fc44.aarch64	LibRaw-0.22.2-1.fc44.src.rpm
ModemManager-glib	0:1.24.2-3.fc44.aarch64	ModemManager-1.24.2-3.fc44.src.rpm
NetworkManager	1:1.56.1-2.fc44.aarch64	NetworkManager-1.56.1-2.fc44.src.rpm
NetworkManager-config-connectivity-fedora	1:1.56.1-2.fc44.noarch	NetworkManager-1.56.1-2.fc44.src.rpm
NetworkManager-l2tp	0:1.52.4-1.fc44.aarch64	NetworkManager-l2tp-1.52.4-1.fc44.src.rpm
NetworkManager-libnm	1:1.56.1-2.fc44.aarch64	NetworkManager-1.56.1-2.fc44.src.rpm
NetworkManager-libreswan	0:1.2.30-3.fc44.aarch64	NetworkManager-libreswan-1.2.30-3.fc44.src.rpm
NetworkManager-openconnect	0:1.2.10-11.fc44.aarch64	NetworkManager-openconnect-1.2.10-11.fc44.src.rpm
NetworkManager-openvpn	1:1.12.5-4.fc44.aarch64	NetworkManager-openvpn-1.12.5-4.fc44.src.rpm
NetworkManager-pptp	1:1.2.12-12.fc44.aarch64	NetworkManager-pptp-1.2.12-12.fc44.src.rpm
NetworkManager-vpnc	1:1.4.0-6.fc44.aarch64	NetworkManager-vpnc-1.4.0-6.fc44.src.rpm
NetworkManager-wifi	1:1.56.1-2.fc44.aarch64	NetworkManager-1.56.1-2.fc44.src.rpm
OpenCL-ICD-Loader	0:3.0.6-7.20250722gitad770a1.fc44.aarch64	OpenCL-ICD-Loader-3.0.6-7.20250722gitad770a1.fc44.src.rpm
PackageKit	0:1.3.6-1.fc44.aarch64	PackageKit-1.3.6-1.fc44.src.rpm
PackageKit-Qt6	0:1.1.4-4.fc44.aarch64	PackageKit-Qt-1.1.4-4.fc44.src.rpm
PackageKit-command-not-found	0:1.3.6-1.fc44.aarch64	PackageKit-1.3.6-1.fc44.src.rpm
PackageKit-glib	0:1.3.6-1.fc44.aarch64	PackageKit-1.3.6-1.fc44.src.rpm
SDL3	0:3.4.16-1.fc44.aarch64	SDL3-3.4.16-1.fc44.src.rpm
SDL3_image	0:3.4.4-1.fc44.aarch64	SDL3_image-3.4.4-1.fc44.src.rpm
SDL3_ttf	0:3.2.2-4.fc44.aarch64	SDL3_ttf-3.2.2-4.fc44.src.rpm
aardvark-dns	2:1.17.1-1.fc44.aarch64	aardvark-dns-1.17.1-1.fc44.src.rpm
abattis-cantarell-vf-fonts	0:0.301-17.fc44.noarch	abattis-cantarell-fonts-0.301-17.fc44.src.rpm
abrt	0:2.17.9-1.fc44.aarch64	abrt-2.17.9-1.fc44.src.rpm
abrt-addon-ccpp	0:2.17.9-1.fc44.aarch64	abrt-2.17.9-1.fc44.src.rpm
abrt-addon-kerneloops	0:2.17.9-1.fc44.aarch64	abrt-2.17.9-1.fc44.src.rpm
abrt-addon-pstoreoops	0:2.17.9-1.fc44.aarch64	abrt-2.17.9-1.fc44.src.rpm
abrt-addon-vmcore	0:2.17.9-1.fc44.aarch64	abrt-2.17.9-1.fc44.src.rpm
abrt-addon-xorg	0:2.17.9-1.fc44.aarch64	abrt-2.17.9-1.fc44.src.rpm
abrt-dbus	0:2.17.9-1.fc44.aarch64	abrt-2.17.9-1.fc44.src.rpm
abrt-desktop	0:2.17.9-1.fc44.aarch64	abrt-2.17.9-1.fc44.src.rpm
abrt-gui	0:2.17.9-1.fc44.aarch64	abrt-2.17.9-1.fc44.src.rpm
abrt-gui-libs	0:2.17.9-1.fc44.aarch64	abrt-2.17.9-1.fc44.src.rpm
abrt-libs	0:2.17.9-1.fc44.aarch64	abrt-2.17.9-1.fc44.src.rpm
abrt-plugin-bodhi	0:2.17.9-1.fc44.aarch64	abrt-2.17.9-1.fc44.src.rpm
abseil-cpp	0:20260107.1-1.fc44.aarch64	abseil-cpp-20260107.1-1.fc44.src.rpm
accounts-qml-module-qt6	0:0.7^20231216.05e79eb-8.fc44.aarch64	accounts-qml-module-0.7^20231216.05e79eb-8.fc44.src.rpm
accountsservice	0:23.13.9-16.fc44.aarch64	accountsservice-23.13.9-16.fc44.src.rpm
accountsservice-libs	0:23.13.9-16.fc44.aarch64	accountsservice-23.13.9-16.fc44.src.rpm
acl	0:2.4.0-1.fc44.aarch64	acl-2.4.0-1.fc44.src.rpm
adobe-mappings-cmap	0:20231115-5.fc44.noarch	adobe-mappings-cmap-20231115-5.fc44.src.rpm
adobe-mappings-cmap-deprecated	0:20231115-5.fc44.noarch	adobe-mappings-cmap-20231115-5.fc44.src.rpm
adobe-mappings-pdf	0:20190401-12.fc44.noarch	adobe-mappings-pdf-20190401-12.fc44.src.rpm
adwaita-cursor-theme	0:50.0-1.fc44.noarch	adwaita-icon-theme-50.0-1.fc44.src.rpm
adwaita-icon-theme	0:50.0-1.fc44.noarch	adwaita-icon-theme-50.0-1.fc44.src.rpm
adwaita-icon-theme-legacy	0:46.2-7.fc44.noarch	adwaita-icon-theme-legacy-46.2-7.fc44.src.rpm
aha	0:0.5.1-16.fc44.aarch64	aha-0.5.1-16.fc44.src.rpm
akonadi-server	0:26.08.0-1.fc44.aarch64	akonadi-server-26.08.0-1.fc44.src.rpm
akonadi-server-mysql	0:26.08.0-1.fc44.aarch64	akonadi-server-26.08.0-1.fc44.src.rpm
alsa-lib	0:1.2.16.1-1.fc44.aarch64	alsa-lib-1.2.16.1-1.fc44.src.rpm
alsa-ucm	0:1.2.16.1-1.fc44.noarch	alsa-lib-1.2.16.1-1.fc44.src.rpm
alsa-utils	0:1.2.16-1.fc44.aarch64	alsa-utils-1.2.16-1.fc44.src.rpm
alternatives	0:1.33-5.fc44.aarch64	chkconfig-1.33-5.fc44.src.rpm
appstream	0:1.1.3-1.fc44.aarch64	appstream-1.1.3-1.fc44.src.rpm
appstream-data	0:44-4.fc44.noarch	appstream-data-44-4.fc44.src.rpm
appstream-qt	0:1.1.3-1.fc44.aarch64	appstream-1.1.3-1.fc44.src.rpm
aribb24	0:1.0.3^20160216git5e9be27-5.fc44.aarch64	aribb24-1.0.3^20160216git5e9be27-5.fc44.src.rpm
ark	0:26.08.0-1.fc44.aarch64	ark-26.08.0-1.fc44.src.rpm
ark-libs	0:26.08.0-1.fc44.aarch64	ark-26.08.0-1.fc44.src.rpm
assimp	0:6.0.5-2.fc44.aarch64	assimp-6.0.5-2.fc44.src.rpm
at-spi2-atk	0:2.60.6-1.fc44.aarch64	at-spi2-core-2.60.6-1.fc44.src.rpm
at-spi2-core	0:2.60.6-1.fc44.aarch64	at-spi2-core-2.60.6-1.fc44.src.rpm
atheros-firmware	0:20260810-1.fc44.noarch	linux-firmware-20260810-1.fc44.src.rpm
atk	0:2.60.6-1.fc44.aarch64	at-spi2-core-2.60.6-1.fc44.src.rpm
audiocd-kio	0:26.08.0-1.fc44.aarch64	audiocd-kio-26.08.0-1.fc44.src.rpm
audiocd-kio-doc	0:26.08.0-1.fc44.noarch	audiocd-kio-26.08.0-1.fc44.src.rpm
audit-libs	0:4.2.1-1.fc44.aarch64	audit-4.2.1-1.fc44.src.rpm
augeas-libs	0:1.14.2-0.11.20260408gitada6219.fc44.aarch64	augeas-1.14.2-0.11.20260408gitada6219.fc44.src.rpm
aurorae	0:6.7.4-1.fc44.aarch64	aurorae-6.7.4-1.fc44.src.rpm
authselect	0:1.7.1-1.fc44.aarch64	authselect-1.7.1-1.fc44.src.rpm
authselect-libs	0:1.7.1-1.fc44.aarch64	authselect-1.7.1-1.fc44.src.rpm
avahi	0:0.9~rc2-8.fc44.aarch64	avahi-0.9~rc2-8.fc44.src.rpm
avahi-glib	0:0.9~rc2-8.fc44.aarch64	avahi-0.9~rc2-8.fc44.src.rpm
avahi-libs	0:0.9~rc2-8.fc44.aarch64	avahi-0.9~rc2-8.fc44.src.rpm
baloo-widgets	0:26.08.0-1.fc44.aarch64	baloo-widgets-26.08.0-1.fc44.src.rpm
bash	0:5.3.9-3.fc44.aarch64	bash-5.3.9-3.fc44.src.rpm
bash-completion	1:2.17-2.fc44.noarch	bash-completion-2.17-2.fc44.src.rpm
binutils	0:2.46.1-1.fc44.aarch64	binutils-2.46.1-1.fc44.src.rpm
bluedevil	0:6.7.4-1.fc44.aarch64	bluedevil-6.7.4-1.fc44.src.rpm
bluez	0:5.87-6.fc44.aarch64	bluez-5.87-6.fc44.src.rpm
bluez-libs	0:5.87-6.fc44.aarch64	bluez-5.87-6.fc44.src.rpm
bluez-obexd	0:5.87-6.fc44.aarch64	bluez-5.87-6.fc44.src.rpm
bluez-tools	0:0.2.0-0.30.git20170912.7cb788c.fc44.aarch64	bluez-tools-0.2.0-0.30.git20170912.7cb788c.fc44.src.rpm
bolt	0:0.9.11-1.fc44.aarch64	bolt-0.9.11-1.fc44.src.rpm
boost-regex	0:1.90.0-7.fc44.aarch64	boost-1.90.0-7.fc44.src.rpm
breeze-cursor-theme	0:6.7.4-2.fc44.noarch	plasma-breeze-6.7.4-2.fc44.src.rpm
breeze-gtk-common	0:6.7.4-1.fc44.noarch	breeze-gtk-6.7.4-1.fc44.src.rpm
breeze-icon-theme	0:6.29.0-1.fc44.noarch	kf6-breeze-icons-6.29.0-1.fc44.src.rpm
brise	0:0.38.20180515-21.fc44.aarch64	brise-0.38.20180515-21.fc44.src.rpm
bubblewrap	0:0.12.0-1.fc44.aarch64	bubblewrap-0.12.0-1.fc44.src.rpm
bzip2	0:1.0.8-23.fc44.aarch64	bzip2-1.0.8-23.fc44.src.rpm
bzip2-libs	0:1.0.8-23.fc44.aarch64	bzip2-1.0.8-23.fc44.src.rpm
ca-certificates	0:2026.2.90_v9.0.317-1.fc44.noarch	ca-certificates-2026.2.90_v9.0.317-1.fc44.src.rpm
cairo	0:1.18.4-6.fc44.aarch64	cairo-1.18.4-6.fc44.src.rpm
cairo-gobject	0:1.18.4-6.fc44.aarch64	cairo-1.18.4-6.fc44.src.rpm
catatonit	0:0.2.1-5.fc44.aarch64	catatonit-0.2.1-5.fc44.src.rpm
cdparanoia-libs	0:10.2-50.fc44.aarch64	cdparanoia-10.2-50.fc44.src.rpm
cjson	0:1.7.19-1.fc44.aarch64	cjson-1.7.19-1.fc44.src.rpm
clinfo	0:3.0.25.02.14-3.fc44.aarch64	clinfo-3.0.25.02.14-3.fc44.src.rpm
cloud-utils-growpart	0:0.33-13.fc44.noarch	cloud-utils-0.33-13.fc44.src.rpm
cmake-filesystem	0:4.3.0-1.fc44.aarch64	cmake-4.3.0-1.fc44.src.rpm
cmark-lib	0:0.31.1-3.fc44.aarch64	cmark-0.31.1-3.fc44.src.rpm
codec2	0:1.2.0-9.fc44.aarch64	codec2-1.2.0-9.fc44.src.rpm
color-filesystem	0:1-38.fc44.noarch	color-filesystem-1-38.fc44.src.rpm
colord	0:1.4.8-4.fc44.aarch64	colord-1.4.8-4.fc44.src.rpm
colord-kde	0:26.08.0-1.fc44.aarch64	colord-kde-26.08.0-1.fc44.src.rpm
colord-libs	0:1.4.8-4.fc44.aarch64	colord-1.4.8-4.fc44.src.rpm
composefs-libs	0:1.0.8-5.fc44.aarch64	composefs-1.0.8-5.fc44.src.rpm
conmon	2:2.2.1-2.fc44.aarch64	conmon-2.2.1-2.fc44.src.rpm
containers-common	5:0.67.0-1.fc44.noarch	containers-common-0.67.0-1.fc44.src.rpm
containers-common-extra	5:0.67.0-1.fc44.noarch	containers-common-0.67.0-1.fc44.src.rpm
coreutils	0:9.10-5.fc44.aarch64	coreutils-9.10-5.fc44.src.rpm
coreutils-common	0:9.10-5.fc44.aarch64	coreutils-9.10-5.fc44.src.rpm
cpio	0:2.15-9.fc44.aarch64	cpio-2.15-9.fc44.src.rpm
cracklib	0:2.10.3-1.fc44.aarch64	cracklib-2.10.3-1.fc44.src.rpm
cracklib-dicts	0:2.10.3-1.fc44.aarch64	cracklib-2.10.3-1.fc44.src.rpm
crun	0:1.28-1.fc44.aarch64	crun-1.28-1.fc44.src.rpm
crypto-policies	0:20251128-3.git19878fe.fc44.noarch	crypto-policies-20251128-3.git19878fe.fc44.src.rpm
cryptsetup-libs	0:2.8.7-1.fc44.aarch64	cryptsetup-2.8.7-1.fc44.src.rpm
ctags	0:6.2.1-3.fc44.aarch64	ctags-6.2.1-3.fc44.src.rpm
cups	1:2.4.19-3.fc44.aarch64	cups-2.4.19-3.fc44.src.rpm
cups-client	1:2.4.19-3.fc44.aarch64	cups-2.4.19-3.fc44.src.rpm
cups-filesystem	1:2.4.19-3.fc44.noarch	cups-2.4.19-3.fc44.src.rpm
cups-filters	1:2.0.1-17.fc44.aarch64	cups-filters-2.0.1-17.fc44.src.rpm
cups-libs	1:2.4.19-3.fc44.aarch64	cups-2.4.19-3.fc44.src.rpm
cups-pk-helper	0:0.2.7-12.fc44.aarch64	cups-pk-helper-0.2.7-12.fc44.src.rpm
curl	0:8.18.0-9.fc44.aarch64	curl-8.18.0-9.fc44.src.rpm
cyrus-sasl-lib	0:2.1.28-35.fc44.aarch64	cyrus-sasl-2.1.28-35.fc44.src.rpm
dbus	1:1.16.2-1.fc44.aarch64	dbus-1.16.2-1.fc44.src.rpm
dbus-broker	0:37-8.fc44.aarch64	dbus-broker-37-8.fc44.src.rpm
dbus-common	1:1.16.2-1.fc44.noarch	dbus-1.16.2-1.fc44.src.rpm
dbus-daemon	1:1.16.2-1.fc44.aarch64	dbus-1.16.2-1.fc44.src.rpm
dbus-libs	1:1.16.2-1.fc44.aarch64	dbus-1.16.2-1.fc44.src.rpm
dbus-tools	1:1.16.2-1.fc44.aarch64	dbus-1.16.2-1.fc44.src.rpm
dbus-x11	1:1.16.2-1.fc44.aarch64	dbus-1.16.2-1.fc44.src.rpm
dconf	0:0.49.0-5.fc44.aarch64	dconf-0.49.0-5.fc44.src.rpm
ddcutil	0:2.2.1-3.fc44.aarch64	ddcutil-2.2.1-3.fc44.src.rpm
default-fonts-core-mono	0:4.3-1.fc44.noarch	langpacks-4.3-1.fc44.src.rpm
default-fonts-core-sans	0:4.3-1.fc44.noarch	langpacks-4.3-1.fc44.src.rpm
desktop-backgrounds-kde	0:44.0.0-2.fc44.noarch	desktop-backgrounds-44.0.0-2.fc44.src.rpm
desktop-file-utils	0:0.28-5.fc44.aarch64	desktop-file-utils-0.28-5.fc44.src.rpm
device-mapper	0:1.02.212-2.fc44.aarch64	lvm2-2.03.38-2.fc44.src.rpm
device-mapper-libs	0:1.02.212-2.fc44.aarch64	lvm2-2.03.38-2.fc44.src.rpm
distribution-gpg-keys	0:1.121-1.fc44.noarch	distribution-gpg-keys-1.121-1.fc44.src.rpm
djvulibre-libs	0:3.5.30-1.fc44.aarch64	djvulibre-3.5.30-1.fc44.src.rpm
dmidecode	1:3.7-1.fc44.aarch64	dmidecode-3.7-1.fc44.src.rpm
dnf-data	0:4.24.0-3.fc44.noarch	dnf-4.24.0-3.fc44.src.rpm
dnf5	0:5.4.3.0-2.fc44.aarch64	dnf5-5.4.3.0-2.fc44.src.rpm
dns-root-data	0:2026260100-2.fc44.noarch	dns-root-data-2026260100-2.fc44.src.rpm
docbook-dtds	0:1.0-91.fc44.noarch	docbook-dtds-1.0-91.fc44.src.rpm
docbook-style-xsl	0:1.79.2-27.fc44.noarch	docbook-style-xsl-1.79.2-27.fc44.src.rpm
dolphin	0:26.08.0-1.fc44.aarch64	dolphin-26.08.0-1.fc44.src.rpm
dolphin-libs	0:26.08.0-1.fc44.aarch64	dolphin-26.08.0-1.fc44.src.rpm
dosfstools	0:4.2-18.fc44.aarch64	dosfstools-4.2-18.fc44.src.rpm
double-conversion	0:3.4.0-3.fc44.aarch64	double-conversion-3.4.0-3.fc44.src.rpm
duktape	0:2.7.0-11.fc44.aarch64	duktape-2.7.0-11.fc44.src.rpm
e2fsprogs	0:1.47.3-4.fc44.aarch64	e2fsprogs-1.47.3-4.fc44.src.rpm
e2fsprogs-libs	0:1.47.3-4.fc44.aarch64	e2fsprogs-1.47.3-4.fc44.src.rpm
ebook-tools-libs	0:0.2.2-31.fc44.aarch64	ebook-tools-0.2.2-31.fc44.src.rpm
editorconfig-libs	0:0.12.11-1.fc44.aarch64	editorconfig-0.12.11-1.fc44.src.rpm
egl-utils	0:9.0.0-11.fc44.aarch64	mesa-demos-9.0.0-11.fc44.src.rpm
elfutils	0:0.196-1.fc44.aarch64	elfutils-0.196-1.fc44.src.rpm
elfutils-debuginfod-client	0:0.196-1.fc44.aarch64	elfutils-0.196-1.fc44.src.rpm
elfutils-default-yama-scope	0:0.196-1.fc44.noarch	elfutils-0.196-1.fc44.src.rpm
elfutils-libelf	0:0.196-1.fc44.aarch64	elfutils-0.196-1.fc44.src.rpm
elfutils-libs	0:0.196-1.fc44.aarch64	elfutils-0.196-1.fc44.src.rpm
emacs-filesystem	1:30.2-2.fc44.aarch64	emacs-filesystem-30.2-2.fc44.src.rpm
enchant2	0:2.8.19-2.fc44.aarch64	enchant2-2.8.19-2.fc44.src.rpm
ethtool	2:7.1-1.fc44.aarch64	ethtool-7.1-1.fc44.src.rpm
exiv2-libs	0:0.28.9-1.fc44.aarch64	exiv2-0.28.9-1.fc44.src.rpm
expat	0:2.8.3-1.fc44.aarch64	expat-2.8.3-1.fc44.src.rpm
f44-backgrounds-base	0:44.0.0-1.fc44.noarch	f44-backgrounds-44.0.0-1.fc44.src.rpm
f44-backgrounds-kde	0:44.0.0-1.fc44.noarch	f44-backgrounds-44.0.0-1.fc44.src.rpm
faad2-libs	1:2.11.2-6.fc44.aarch64	faad2-2.11.2-6.fc44.src.rpm
fcitx5	0:5.1.21-1.fc44.aarch64	fcitx5-5.1.21-1.fc44.src.rpm
fcitx5-autostart	0:5.1.21-1.fc44.noarch	fcitx5-5.1.21-1.fc44.src.rpm
fcitx5-data	0:5.1.21-1.fc44.noarch	fcitx5-5.1.21-1.fc44.src.rpm
fcitx5-gtk	0:5.1.7-1.fc44.aarch64	fcitx5-gtk-5.1.7-1.fc44.src.rpm
fcitx5-gtk2	0:5.1.7-1.fc44.aarch64	fcitx5-gtk-5.1.7-1.fc44.src.rpm
fcitx5-gtk3	0:5.1.7-1.fc44.aarch64	fcitx5-gtk-5.1.7-1.fc44.src.rpm
fcitx5-libs	0:5.1.21-1.fc44.aarch64	fcitx5-5.1.21-1.fc44.src.rpm
fcitx5-rime	0:5.1.14-1.fc44.aarch64	fcitx5-rime-5.1.14-1.fc44.src.rpm
fdk-aac-free	0:2.0.3-2.fc44.aarch64	fdk-aac-free-2.0.3-2.fc44.src.rpm
fedora-flathub-remote	0:1-12.fc44.noarch	fedora-flathub-remote-1-12.fc44.src.rpm
fedora-gpg-keys	0:44-2.noarch	fedora-repos-44-2.src.rpm
fedora-logos	0:42.0.1-3.fc44.noarch	fedora-logos-42.0.1-3.fc44.src.rpm
fedora-release	0:44-18.noarch	fedora-release-44-18.src.rpm
fedora-release-common	0:44-18.noarch	fedora-release-44-18.src.rpm
fedora-release-identity-basic	0:44-18.noarch	fedora-release-44-18.src.rpm
fedora-repos	0:44-2.noarch	fedora-repos-44-2.src.rpm
fedora-third-party	0:0.10-16.fc44.noarch	fedora-third-party-0.10-16.fc44.src.rpm
fedora-workstation-repositories	0:38-9.fc44.aarch64	fedora-workstation-repositories-38-9.fc44.src.rpm
ffmpegthumbs	0:26.08.0-1.fc44.aarch64	ffmpegthumbs-26.08.0-1.fc44.src.rpm
fftw-libs-double	0:3.3.10-17.fc44.aarch64	fftw-3.3.10-17.fc44.src.rpm
fftw-libs-single	0:3.3.10-17.fc44.aarch64	fftw-3.3.10-17.fc44.src.rpm
file-libs	0:5.46-10.fc44.aarch64	file-5.46-10.fc44.src.rpm
filelight	1:26.08.0-1.fc44.aarch64	filelight-26.08.0-1.fc44.src.rpm
filesystem	0:3.18-52.fc44.aarch64	filesystem-3.18-52.fc44.src.rpm
findutils	1:4.10.0-7.fc44.aarch64	findutils-4.10.0-7.fc44.src.rpm
firefox	0:155.0-1.fc44.aarch64	firefox-155.0-1.fc44.src.rpm
firewall-config	0:2.4.4-1.fc44.noarch	firewalld-2.4.4-1.fc44.src.rpm
firewalld	0:2.4.4-1.fc44.noarch	firewalld-2.4.4-1.fc44.src.rpm
firewalld-filesystem	0:2.4.4-1.fc44.noarch	firewalld-2.4.4-1.fc44.src.rpm
flac-libs	0:1.5.0-8.fc44.aarch64	flac-1.5.0-8.fc44.src.rpm
flatpak	0:1.18.2-1.fc44.aarch64	flatpak-1.18.2-1.fc44.src.rpm
flatpak-kcm	0:6.7.4-1.fc44.aarch64	flatpak-kcm-6.7.4-1.fc44.src.rpm
flatpak-libs	0:1.18.2-1.fc44.aarch64	flatpak-1.18.2-1.fc44.src.rpm
flatpak-session-helper	0:1.18.2-1.fc44.aarch64	flatpak-1.18.2-1.fc44.src.rpm
flexiblas	0:3.5.0-2.fc44.aarch64	flexiblas-3.5.0-2.fc44.src.rpm
flexiblas-netlib	0:3.5.0-2.fc44.aarch64	flexiblas-3.5.0-2.fc44.src.rpm
flexiblas-openblas-openmp	0:3.5.0-2.fc44.aarch64	flexiblas-3.5.0-2.fc44.src.rpm
flite	0:2.2-13.fc44.aarch64	flite-2.2-13.fc44.src.rpm
fmt	0:11.2.0-4.fc44.aarch64	fmt-11.2.0-4.fc44.src.rpm
fontconfig	0:2.17.0-4.fc44.aarch64	fontconfig-2.17.0-4.fc44.src.rpm
fonts-filesystem	1:5.0.0-2.fc44.noarch	fonts-rpm-macros-5.0.0-2.fc44.src.rpm
fprintd	0:1.94.5-5.fc44.aarch64	fprintd-1.94.5-5.fc44.src.rpm
fprintd-pam	0:1.94.5-5.fc44.aarch64	fprintd-1.94.5-5.fc44.src.rpm
freecell-solver-data	0:6.16.0-2.fc44.noarch	freecell-solver-6.16.0-2.fc44.src.rpm
freerdp	2:3.31.1-1.fc44.aarch64	freerdp-3.31.1-1.fc44.src.rpm
freerdp-libs	2:3.31.1-1.fc44.aarch64	freerdp-3.31.1-1.fc44.src.rpm
freetype	0:2.14.3-1.fc44.aarch64	freetype-2.14.3-1.fc44.src.rpm
fribidi	0:1.0.16-4.fc44.aarch64	fribidi-1.0.16-4.fc44.src.rpm
fuse-common	0:3.18.2-1.fc44.aarch64	fuse3-3.18.2-1.fc44.src.rpm
fuse-sshfs	0:3.7.6-1.fc44.aarch64	fuse-sshfs-3.7.6-1.fc44.src.rpm
fuse3	0:3.18.2-1.fc44.aarch64	fuse3-3.18.2-1.fc44.src.rpm
fuse3-libs	0:3.18.2-1.fc44.aarch64	fuse3-3.18.2-1.fc44.src.rpm
fwupd	0:2.1.7-1.fc44.aarch64	fwupd-2.1.7-1.fc44.src.rpm
game-music-emu	0:0.6.4-3.fc44.aarch64	game-music-emu-0.6.4-3.fc44.src.rpm
gamepadcalibration	0:0^2077e7a-20260506235222.fc44.noarch	gamepadcalibration-0^2077e7a-20260506235222.fc44.src.rpm
gawk	0:5.3.2-3.fc44.aarch64	gawk-5.3.2-3.fc44.src.rpm
gdb-headless	0:17.2-2.fc44.aarch64	gdb-17.2-2.fc44.src.rpm
gdbm	1:1.23-11.fc44.aarch64	gdbm-1.23-11.fc44.src.rpm
gdbm-libs	1:1.23-11.fc44.aarch64	gdbm-1.23-11.fc44.src.rpm
gdisk	0:1.0.10-5.fc44.aarch64	gdisk-1.0.10-5.fc44.src.rpm
gdk-pixbuf2	0:2.44.6^really2.44.4-3.fc44.aarch64	gdk-pixbuf2-2.44.6^really2.44.4-3.fc44.src.rpm
geoclue2	0:2.8.2-1.fc44.aarch64	geoclue2-2.8.2-1.fc44.src.rpm
gflags	0:2.2.2-19.fc44.aarch64	gflags-2.2.2-19.fc44.src.rpm
ghostscript	0:10.06.0-2.fc44.aarch64	ghostscript-10.06.0-2.fc44.src.rpm
ghostscript-tools-fontutils	0:10.06.0-2.fc44.noarch	ghostscript-10.06.0-2.fc44.src.rpm
ghostscript-tools-printing	0:10.06.0-2.fc44.noarch	ghostscript-10.06.0-2.fc44.src.rpm
giflib	0:6.1.3-2.fc44.aarch64	giflib-6.1.3-2.fc44.src.rpm
git-core	0:2.55.0-1.fc44.aarch64	git-2.55.0-1.fc44.src.rpm
glib-networking	0:2.80.1-4.fc44.aarch64	glib-networking-2.80.1-4.fc44.src.rpm
glib2	0:2.88.3-1.fc44.aarch64	glib2-2.88.3-1.fc44.src.rpm
glibc	0:2.43-8.fc44.aarch64	glibc-2.43-8.fc44.src.rpm
glibc-all-langpacks	0:2.43-8.fc44.aarch64	glibc-2.43-8.fc44.src.rpm
glibc-common	0:2.43-8.fc44.aarch64	glibc-2.43-8.fc44.src.rpm
glibc-gconv-extra	0:2.43-8.fc44.aarch64	glibc-2.43-8.fc44.src.rpm
glibc-langpack-en	0:2.43-8.fc44.aarch64	glibc-2.43-8.fc44.src.rpm
glibc-langpack-zh	0:2.43-8.fc44.aarch64	glibc-2.43-8.fc44.src.rpm
glog	0:0.7.1-1.fc44.aarch64	glog-0.7.1-1.fc44.src.rpm
glx-utils	0:9.0.0-11.fc44.aarch64	mesa-demos-9.0.0-11.fc44.src.rpm
glycin-libs	0:2.1.5-1.fc44.aarch64	glycin-2.1.5-1.fc44.src.rpm
glycin-loaders	0:2.1.5-1.fc44.aarch64	glycin-2.1.5-1.fc44.src.rpm
gmp	1:6.3.0-5.fc44.aarch64	gmp-6.3.0-5.fc44.src.rpm
gnome-abrt	1:1.4.3-9.fc44.aarch64	gnome-abrt-1.4.3-9.fc44.src.rpm
gnulib-l10n	0:20241231-2.fc44.noarch	gnulib-l10n-20241231-2.fc44.src.rpm
gnupg2	0:2.4.9-16.fc44.aarch64	gnupg2-2.4.9-16.fc44.src.rpm
gnupg2-dirmngr	0:2.4.9-16.fc44.aarch64	gnupg2-2.4.9-16.fc44.src.rpm
gnupg2-gpg-agent	0:2.4.9-16.fc44.aarch64	gnupg2-2.4.9-16.fc44.src.rpm
gnupg2-gpgconf	0:2.4.9-16.fc44.aarch64	gnupg2-2.4.9-16.fc44.src.rpm
gnupg2-keyboxd	0:2.4.9-16.fc44.aarch64	gnupg2-2.4.9-16.fc44.src.rpm
gnupg2-verify	0:2.4.9-16.fc44.aarch64	gnupg2-2.4.9-16.fc44.src.rpm
gnutls	0:3.8.13-1.fc44.aarch64	gnutls-3.8.13-1.fc44.src.rpm
gnutls-dane	0:3.8.13-1.fc44.aarch64	gnutls-3.8.13-1.fc44.src.rpm
go-l2tp	0:0.1.8-4.fc44.aarch64	go-l2tp-0.1.8-4.fc44.src.rpm
gobject-introspection	0:1.86.0-3.fc44.aarch64	gobject-introspection-1.86.0-3.fc44.src.rpm
gocryptfs	0:2.6.1-5.fc44.aarch64	gocryptfs-2.6.1-5.fc44.src.rpm
google-droid-sans-fonts	0:20200215-24.fc44.noarch	google-droid-fonts-20200215-24.fc44.src.rpm
google-noto-color-emoji-fonts	0:20250623-4.fc44.noarch	google-noto-emoji-fonts-20250623-4.fc44.src.rpm
google-noto-fonts-common	0:20251201-2.fc44.noarch	google-noto-fonts-20251201-2.fc44.src.rpm
google-noto-sans-cjk-fonts	1:2.004-11.fc44.noarch	google-noto-sans-cjk-fonts-2.004-11.fc44.src.rpm
google-noto-sans-fonts	0:20251201-2.fc44.noarch	google-noto-fonts-20251201-2.fc44.src.rpm
google-noto-sans-mono-fonts	0:20251201-2.fc44.noarch	google-noto-fonts-20251201-2.fc44.src.rpm
google-noto-sans-mono-vf-fonts	0:20251201-2.fc44.noarch	google-noto-fonts-20251201-2.fc44.src.rpm
google-noto-sans-vf-fonts	0:20251201-2.fc44.noarch	google-noto-fonts-20251201-2.fc44.src.rpm
google-noto-serif-vf-fonts	0:20251201-2.fc44.noarch	google-noto-fonts-20251201-2.fc44.src.rpm
gpg-pubkey	0:36f612dcf27f7d1a48a835e4dbfcf71c6d9f90a6-6786af3b.(none)	(none)
gpg-pubkey	0:cb2323a20ebafb6d02d625b76aaf40a74b7ff931-690b56f8.(none)	(none)
gpgme	0:2.0.1-5.fc44.aarch64	gpgme-2.0.1-5.fc44.src.rpm
gpgmepp	0:2.0.1-5.fc44.aarch64	gpgme-2.0.1-5.fc44.src.rpm
gpm-libs	0:1.20.7-53.fc44.aarch64	gpm-1.20.7-53.fc44.src.rpm
gpsd-libs	1:3.27.5-5.fc44.aarch64	gpsd-3.27.5-5.fc44.src.rpm
graphene	0:1.10.8-4.fc44.aarch64	graphene-1.10.8-4.fc44.src.rpm
graphite2	0:1.3.14-20.fc44.aarch64	graphite2-1.3.14-20.fc44.src.rpm
grep	0:3.12-3.fc44.aarch64	grep-3.12-3.fc44.src.rpm
gsettings-desktop-schemas	0:50.1-1.fc44.aarch64	gsettings-desktop-schemas-50.1-1.fc44.src.rpm
gsm	0:1.0.24-2.fc44.aarch64	gsm-1.0.24-2.fc44.src.rpm
gssdp	0:1.6.6-1.fc44.aarch64	gssdp-1.6.6-1.fc44.src.rpm
gstreamer1	0:1.28.6-1.fc44.aarch64	gstreamer1-1.28.6-1.fc44.src.rpm
gstreamer1-plugins-bad-free	0:1.28.6-1.fc44.aarch64	gstreamer1-plugins-bad-free-1.28.6-1.fc44.src.rpm
gstreamer1-plugins-bad-free-libs	0:1.28.6-1.fc44.aarch64	gstreamer1-plugins-bad-free-1.28.6-1.fc44.src.rpm
gstreamer1-plugins-base	0:1.28.6-1.fc44.aarch64	gstreamer1-plugins-base-1.28.6-1.fc44.src.rpm
gstreamer1-plugins-good	0:1.28.6-1.fc44.aarch64	gstreamer1-plugins-good-1.28.6-1.fc44.src.rpm
gtk-update-icon-cache	0:3.24.52-2.fc44.aarch64	gtk3-3.24.52-2.fc44.src.rpm
gtk2	0:2.24.33-25.fc44.aarch64	gtk2-2.24.33-25.fc44.src.rpm
gtk3	0:3.24.52-2.fc44.aarch64	gtk3-3.24.52-2.fc44.src.rpm
gupnp	0:1.6.10-1.fc44.aarch64	gupnp-1.6.10-1.fc44.src.rpm
gupnp-igd	0:1.6.0-8.fc44.aarch64	gupnp-igd-1.6.0-8.fc44.src.rpm
gzip	0:1.14-2.fc44.aarch64	gzip-1.14-2.fc44.src.rpm
harfbuzz	0:14.1.0-2.fc44.aarch64	harfbuzz-14.1.0-2.fc44.src.rpm
hdparm	0:9.65-10.fc44.aarch64	hdparm-9.65-10.fc44.src.rpm
hicolor-icon-theme	0:0.18-3.fc44.noarch	hicolor-icon-theme-0.18-3.fc44.src.rpm
hidapi	0:0.15.0-3.fc44.aarch64	hidapi-0.15.0-3.fc44.src.rpm
highway	0:1.3.0-2.fc44.aarch64	highway-1.3.0-2.fc44.src.rpm
hiredis	0:1.2.0-8.fc44.aarch64	hiredis-1.2.0-8.fc44.src.rpm
hunspell	0:1.7.3-1.fc44.aarch64	hunspell-1.7.3-1.fc44.src.rpm
hunspell-en-US	0:0.20260225-2.fc44.noarch	hunspell-en-0.20260225-2.fc44.src.rpm
hunspell-filesystem	0:1.7.3-1.fc44.aarch64	hunspell-1.7.3-1.fc44.src.rpm
hwdata	0:0.410-1.fc44.noarch	hwdata-0.410-1.fc44.src.rpm
i2c-tools	0:4.4-4.fc44.aarch64	i2c-tools-4.4-4.fc44.src.rpm
ibus-libs	0:1.5.34-4.fc44.aarch64	ibus-1.5.34-4.fc44.src.rpm
iio-sensor-proxy	0:3.8-2.fc44.aarch64	iio-sensor-proxy-3.8-2.fc44.src.rpm
ilbc	0:3.0.4-19.fc44.aarch64	ilbc-3.0.4-19.fc44.src.rpm
ima-evm-utils-libs	0:1.6.2-8.fc44.aarch64	ima-evm-utils-1.6.2-8.fc44.src.rpm
imath	0:3.1.12-6.fc44.aarch64	imath-3.1.12-6.fc44.src.rpm
inih	0:62-2.fc44.aarch64	inih-62-2.fc44.src.rpm
inih-cpp	0:62-2.fc44.aarch64	inih-62-2.fc44.src.rpm
inputplumber	0:0.75.2-20260506235201.fc44.aarch64	inputplumber-0.75.2-20260506235201.fc44.src.rpm
iproute	0:6.17.0-2.fc44.aarch64	iproute-6.17.0-2.fc44.src.rpm
iptables-libs	0:1.8.11-13.fc44.aarch64	iptables-1.8.11-13.fc44.src.rpm
iso-codes	0:4.20.1-3.fc44.noarch	iso-codes-4.20.1-3.fc44.src.rpm
iw	0:6.17-2.fc44.aarch64	iw-6.17-2.fc44.src.rpm
iwd	0:3.12-1.fc44.aarch64	iwd-3.12-1.fc44.src.rpm
jansson	0:2.14-4.fc44.aarch64	jansson-2.14-4.fc44.src.rpm
jasper-libs	0:4.2.8-2.fc44.aarch64	jasper-4.2.8-2.fc44.src.rpm
jbig2dec-libs	0:0.20-8.fc44.aarch64	jbig2dec-0.20-8.fc44.src.rpm
jbigkit-libs	0:2.1-33.fc44.aarch64	jbigkit-2.1-33.fc44.src.rpm
jq	0:1.8.1-3.fc44.aarch64	jq-1.8.1-3.fc44.src.rpm
json-c	0:0.18-8.fc44.aarch64	json-c-0.18-8.fc44.src.rpm
json-glib	0:1.10.8-5.fc44.aarch64	json-glib-1.10.8-5.fc44.src.rpm
jsoncpp	0:1.9.6-3.fc44.aarch64	jsoncpp-1.9.6-3.fc44.src.rpm
kaccounts-integration-qt6	0:26.08.0-1.fc44.aarch64	kaccounts-integration-26.08.0-1.fc44.src.rpm
kaccounts-providers	0:26.08.0-1.fc44.aarch64	kaccounts-providers-26.08.0-1.fc44.src.rpm
kactivitymanagerd	0:6.7.4-1.fc44.aarch64	kactivitymanagerd-6.7.4-1.fc44.src.rpm
kate-libs	0:26.08.0-1.fc44.aarch64	kate-26.08.0-1.fc44.src.rpm
kbd	0:2.9.0-4.fc44.aarch64	kbd-2.9.0-4.fc44.src.rpm
kbd-legacy	0:2.9.0-4.fc44.noarch	kbd-2.9.0-4.fc44.src.rpm
kbd-misc	0:2.9.0-4.fc44.noarch	kbd-2.9.0-4.fc44.src.rpm
kcalc	0:26.08.0-1.fc44.aarch64	kcalc-26.08.0-1.fc44.src.rpm
kcharselect	0:26.08.0-1.fc44.aarch64	kcharselect-26.08.0-1.fc44.src.rpm
kcm-plasma-keyboard	1:6.7.4-1.fc44.aarch64	plasma-keyboard-6.7.4-1.fc44.src.rpm
kcm-plasmalogin	0:6.7.4-1.fc44.aarch64	plasma-login-manager-6.7.4-1.fc44.src.rpm
kde-cli-tools	0:6.7.4-1.fc44.aarch64	kde-cli-tools-6.7.4-1.fc44.src.rpm
kde-connect	0:26.08.0-1.fc44.aarch64	kde-connect-26.08.0-1.fc44.src.rpm
kde-connect-libs	0:26.08.0-1.fc44.aarch64	kde-connect-26.08.0-1.fc44.src.rpm
kde-filesystem	0:5-7.fc44.aarch64	kde-filesystem-5-7.fc44.src.rpm
kde-gtk-config	0:6.7.4-1.fc44.aarch64	kde-gtk-config-6.7.4-1.fc44.src.rpm
kde-inotify-survey	0:26.08.0-1.fc44.aarch64	kde-inotify-survey-26.08.0-1.fc44.src.rpm
kde-partitionmanager	0:26.08.0-1.fc44.aarch64	kde-partitionmanager-26.08.0-1.fc44.src.rpm
kde-settings	0:44.0-1.fc44.noarch	kde-settings-44.0-1.fc44.src.rpm
kde-settings-plasma	0:44.0-1.fc44.noarch	kde-settings-44.0-1.fc44.src.rpm
kde-settings-plasmalogin	0:44.0-1.fc44.noarch	kde-settings-44.0-1.fc44.src.rpm
kde-settings-pulseaudio	0:44.0-1.fc44.noarch	kde-settings-44.0-1.fc44.src.rpm
kdebugsettings	0:26.08.0-1.fc44.aarch64	kdebugsettings-26.08.0-1.fc44.src.rpm
kdeconnectd	0:26.08.0-1.fc44.aarch64	kde-connect-26.08.0-1.fc44.src.rpm
kdecoration	0:6.7.4-1.fc44.aarch64	kdecoration-6.7.4-1.fc44.src.rpm
kdegraphics-mobipocket	0:26.08.0-1.fc44.aarch64	kdegraphics-mobipocket-26.08.0-1.fc44.src.rpm
kdegraphics-thumbnailers	0:26.08.0-1.fc44.aarch64	kdegraphics-thumbnailers-26.08.0-1.fc44.src.rpm
kdenetwork-filesharing	0:26.08.0-1.fc44.aarch64	kdenetwork-filesharing-26.08.0-1.fc44.src.rpm
kdeplasma-addons	0:6.7.4-2.fc44.aarch64	kdeplasma-addons-6.7.4-2.fc44.src.rpm
kdesu	1:6.7.4-1.fc44.aarch64	kde-cli-tools-6.7.4-1.fc44.src.rpm
kdialog	0:26.08.0-1.fc44.aarch64	kdialog-26.08.0-1.fc44.src.rpm
kdnssd	0:26.08.0-1.fc44.aarch64	kdnssd-26.08.0-1.fc44.src.rpm
kdsoap-ws-discovery-client	0:0.4.0-6.fc44.aarch64	kdsoap-ws-discovery-client-0.4.0-6.fc44.src.rpm
kdsoap6	0:2.2.0-9.fc44.aarch64	kdsoap-2.2.0-9.fc44.src.rpm
keditbookmarks	0:26.08.0-1.fc44.aarch64	keditbookmarks-26.08.0-1.fc44.src.rpm
keditbookmarks-libs	0:26.08.0-1.fc44.aarch64	keditbookmarks-26.08.0-1.fc44.src.rpm
kernel	0:7.1.0-100.20260730172655.pocketds.fc44.aarch64	kernel-7.1.0-100.20260730172655.pocketds.fc44.src.rpm
kexec-tools	0:2.0.32-3.fc44.aarch64	kexec-tools-2.0.32-3.fc44.src.rpm
keyutils-libs	0:1.6.3-7.fc44.aarch64	keyutils-1.6.3-7.fc44.src.rpm
kf6-attica	0:6.29.0-1.fc44.aarch64	kf6-attica-6.29.0-1.fc44.src.rpm
kf6-baloo	0:6.29.0-1.fc44.aarch64	kf6-baloo-6.29.0-1.fc44.src.rpm
kf6-baloo-file	0:6.29.0-1.fc44.aarch64	kf6-baloo-6.29.0-1.fc44.src.rpm
kf6-baloo-libs	0:6.29.0-1.fc44.aarch64	kf6-baloo-6.29.0-1.fc44.src.rpm
kf6-bluez-qt	0:6.29.0-1.fc44.aarch64	kf6-bluez-qt-6.29.0-1.fc44.src.rpm
kf6-breeze-icons	0:6.29.0-1.fc44.aarch64	kf6-breeze-icons-6.29.0-1.fc44.src.rpm
kf6-filesystem	0:6.29.0-1.fc44.aarch64	kf6-6.29.0-1.fc44.src.rpm
kf6-frameworkintegration	0:6.29.0-1.fc44.aarch64	kf6-frameworkintegration-6.29.0-1.fc44.src.rpm
kf6-frameworkintegration-libs	0:6.29.0-1.fc44.aarch64	kf6-frameworkintegration-6.29.0-1.fc44.src.rpm
kf6-karchive	0:6.29.0-1.fc44.aarch64	kf6-karchive-6.29.0-1.fc44.src.rpm
kf6-kauth	0:6.29.0-1.fc44.aarch64	kf6-kauth-6.29.0-1.fc44.src.rpm
kf6-kbookmarks	0:6.29.0-1.fc44.aarch64	kf6-kbookmarks-6.29.0-1.fc44.src.rpm
kf6-kcalendarcore	0:6.29.0-1.fc44.aarch64	kf6-kcalendarcore-6.29.0-1.fc44.src.rpm
kf6-kcmutils	0:6.29.0-1.fc44.aarch64	kf6-kcmutils-6.29.0-1.fc44.src.rpm
kf6-kcodecs	0:6.29.0-1.fc44.aarch64	kf6-kcodecs-6.29.0-1.fc44.src.rpm
kf6-kcolorscheme	0:6.29.0-1.fc44.aarch64	kf6-kcolorscheme-6.29.0-1.fc44.src.rpm
kf6-kcompletion	0:6.29.0-1.fc44.aarch64	kf6-kcompletion-6.29.0-1.fc44.src.rpm
kf6-kconfig	0:6.29.0-1.fc44.aarch64	kf6-kconfig-6.29.0-1.fc44.src.rpm
kf6-kconfigwidgets	0:6.29.0-1.fc44.aarch64	kf6-kconfigwidgets-6.29.0-1.fc44.src.rpm
kf6-kcontacts	0:6.29.0-1.fc44.aarch64	kf6-kcontacts-6.29.0-1.fc44.src.rpm
kf6-kcoreaddons	0:6.29.0-1.fc44.aarch64	kf6-kcoreaddons-6.29.0-1.fc44.src.rpm
kf6-kcrash	0:6.29.0-1.fc44.aarch64	kf6-kcrash-6.29.0-1.fc44.src.rpm
kf6-kdbusaddons	0:6.29.0-1.fc44.aarch64	kf6-kdbusaddons-6.29.0-1.fc44.src.rpm
kf6-kdeclarative	0:6.29.0-1.fc44.aarch64	kf6-kdeclarative-6.29.0-1.fc44.src.rpm
kf6-kded	0:6.29.0-1.fc44.aarch64	kf6-kded-6.29.0-1.fc44.src.rpm
kf6-kdesu	0:6.29.0-1.fc44.aarch64	kf6-kdesu-6.29.0-1.fc44.src.rpm
kf6-kdnssd	0:6.29.0-1.fc44.aarch64	kf6-kdnssd-6.29.0-1.fc44.src.rpm
kf6-kdoctools	0:6.29.0-1.fc44.aarch64	kf6-kdoctools-6.29.0-1.fc44.src.rpm
kf6-kfilemetadata	0:6.29.0-1.fc44.aarch64	kf6-kfilemetadata-6.29.0-1.fc44.src.rpm
kf6-kglobalaccel	0:6.29.0-1.fc44.aarch64	kf6-kglobalaccel-6.29.0-1.fc44.src.rpm
kf6-kguiaddons	0:6.29.0-1.fc44.aarch64	kf6-kguiaddons-6.29.0-1.fc44.src.rpm
kf6-kholidays	0:6.29.0-1.fc44.aarch64	kf6-kholidays-6.29.0-1.fc44.src.rpm
kf6-ki18n	0:6.29.0-1.fc44.aarch64	kf6-ki18n-6.29.0-1.fc44.src.rpm
kf6-kiconthemes	0:6.29.0-1.fc44.aarch64	kf6-kiconthemes-6.29.0-1.fc44.src.rpm
kf6-kidletime	0:6.29.0-1.fc44.aarch64	kf6-kidletime-6.29.0-1.fc44.src.rpm
kf6-kimageformats	0:6.29.0-1.fc44.aarch64	kf6-kimageformats-6.29.0-1.fc44.src.rpm
kf6-kio-core	0:6.29.0-1.fc44.aarch64	kf6-kio-6.29.0-1.fc44.src.rpm
kf6-kio-core-libs	0:6.29.0-1.fc44.aarch64	kf6-kio-6.29.0-1.fc44.src.rpm
kf6-kio-doc	0:6.29.0-1.fc44.noarch	kf6-kio-6.29.0-1.fc44.src.rpm
kf6-kio-file-widgets	0:6.29.0-1.fc44.aarch64	kf6-kio-6.29.0-1.fc44.src.rpm
kf6-kio-gui	0:6.29.0-1.fc44.aarch64	kf6-kio-6.29.0-1.fc44.src.rpm
kf6-kio-widgets	0:6.29.0-1.fc44.aarch64	kf6-kio-6.29.0-1.fc44.src.rpm
kf6-kio-widgets-libs	0:6.29.0-1.fc44.aarch64	kf6-kio-6.29.0-1.fc44.src.rpm
kf6-kirigami	0:6.29.0-1.fc44.aarch64	kf6-kirigami-6.29.0-1.fc44.src.rpm
kf6-kirigami-addons	0:1.13.1-1.fc44.aarch64	kf6-kirigami-addons-1.13.1-1.fc44.src.rpm
kf6-kitemmodels	0:6.29.0-1.fc44.aarch64	kf6-kitemmodels-6.29.0-1.fc44.src.rpm
kf6-kitemviews	0:6.29.0-1.fc44.aarch64	kf6-kitemviews-6.29.0-1.fc44.src.rpm
kf6-kjobwidgets	0:6.29.0-1.fc44.aarch64	kf6-kjobwidgets-6.29.0-1.fc44.src.rpm
kf6-knewstuff	0:6.29.0-1.fc44.aarch64	kf6-knewstuff-6.29.0-1.fc44.src.rpm
kf6-knotifications	0:6.29.0-1.fc44.aarch64	kf6-knotifications-6.29.0-1.fc44.src.rpm
kf6-knotifyconfig	0:6.29.0-1.fc44.aarch64	kf6-knotifyconfig-6.29.0-1.fc44.src.rpm
kf6-kpackage	0:6.29.0-1.fc44.aarch64	kf6-kpackage-6.29.0-1.fc44.src.rpm
kf6-kparts	0:6.29.0-1.fc44.aarch64	kf6-kparts-6.29.0-1.fc44.src.rpm
kf6-kpeople	0:6.29.0-1.fc44.aarch64	kf6-kpeople-6.29.0-1.fc44.src.rpm
kf6-kplotting	0:6.29.0-1.fc44.aarch64	kf6-kplotting-6.29.0-1.fc44.src.rpm
kf6-kpty	0:6.29.0-1.fc44.aarch64	kf6-kpty-6.29.0-1.fc44.src.rpm
kf6-kquickcharts	0:6.29.0-1.fc44.aarch64	kf6-kquickcharts-6.29.0-1.fc44.src.rpm
kf6-krunner	0:6.29.0-1.fc44.aarch64	kf6-krunner-6.29.0-1.fc44.src.rpm
kf6-kservice	0:6.29.0-1.fc44.aarch64	kf6-kservice-6.29.0-1.fc44.src.rpm
kf6-kstatusnotifieritem	0:6.29.0-1.fc44.aarch64	kf6-kstatusnotifieritem-6.29.0-1.fc44.src.rpm
kf6-ksvg	0:6.29.0-1.fc44.aarch64	kf6-ksvg-6.29.0-1.fc44.src.rpm
kf6-ktexteditor	0:6.29.0-1.fc44.aarch64	kf6-ktexteditor-6.29.0-1.fc44.src.rpm
kf6-ktexttemplate	0:6.29.0-1.fc44.aarch64	kf6-ktexttemplate-6.29.0-1.fc44.src.rpm
kf6-ktextwidgets	0:6.29.0-1.fc44.aarch64	kf6-ktextwidgets-6.29.0-1.fc44.src.rpm
kf6-kunitconversion	0:6.29.0-1.fc44.aarch64	kf6-kunitconversion-6.29.0-1.fc44.src.rpm
kf6-kuserfeedback	0:6.29.0-1.fc44.aarch64	kf6-kuserfeedback-6.29.0-1.fc44.src.rpm
kf6-kwallet	0:6.29.0-1.fc44.aarch64	kf6-kwallet-6.29.0-1.fc44.src.rpm
kf6-kwallet-libs	0:6.29.0-1.fc44.aarch64	kf6-kwallet-6.29.0-1.fc44.src.rpm
kf6-kwidgetsaddons	0:6.29.0-1.fc44.aarch64	kf6-kwidgetsaddons-6.29.0-1.fc44.src.rpm
kf6-kwindowsystem	0:6.29.0-1.fc44.aarch64	kf6-kwindowsystem-6.29.0-1.fc44.src.rpm
kf6-kxmlgui	0:6.29.0-1.fc44.aarch64	kf6-kxmlgui-6.29.0-1.fc44.src.rpm
kf6-modemmanager-qt	0:6.29.0-1.fc44.aarch64	kf6-modemmanager-qt-6.29.0-1.fc44.src.rpm
kf6-networkmanager-qt	0:6.29.0-1.fc44.aarch64	kf6-networkmanager-qt-6.29.0-1.fc44.src.rpm
kf6-prison	0:6.29.0-1.fc44.aarch64	kf6-prison-6.29.0-1.fc44.src.rpm
kf6-purpose	0:6.29.0-1.fc44.aarch64	kf6-purpose-6.29.0-1.fc44.src.rpm
kf6-qqc2-desktop-style	0:6.29.0-1.fc44.aarch64	kf6-qqc2-desktop-style-6.29.0-1.fc44.src.rpm
kf6-solid	0:6.29.0-1.fc44.aarch64	kf6-solid-6.29.0-1.fc44.src.rpm
kf6-sonnet	0:6.29.0-1.fc44.aarch64	kf6-sonnet-6.29.0-1.fc44.src.rpm
kf6-syndication	0:6.29.0-1.fc44.aarch64	kf6-syndication-6.29.0-1.fc44.src.rpm
kf6-syntax-highlighting	0:6.29.0-1.fc44.aarch64	kf6-syntax-highlighting-6.29.0-1.fc44.src.rpm
kf6-threadweaver	0:6.29.0-1.fc44.aarch64	kf6-threadweaver-6.29.0-1.fc44.src.rpm
kfind	0:26.08.0-1.fc44.aarch64	kfind-26.08.0-1.fc44.src.rpm
kglobalacceld	0:6.7.4-1.fc44.aarch64	kglobalacceld-6.7.4-1.fc44.src.rpm
khelpcenter	1:26.08.0-1.fc44.aarch64	khelpcenter-26.08.0-1.fc44.src.rpm
kinfocenter	0:6.7.4-1.fc44.aarch64	kinfocenter-6.7.4-1.fc44.src.rpm
kio-admin	0:26.08.0-1.fc44.aarch64	kio-admin-26.08.0-1.fc44.src.rpm
kio-extras	0:26.08.0-1.fc44.aarch64	kio-extras-26.08.0-1.fc44.src.rpm
kio-fuse	0:5.1.1-3.fc44.aarch64	kio-fuse-5.1.1-3.fc44.src.rpm
kio-gdrive	0:26.08.0-1.fc44.aarch64	kio-gdrive-26.08.0-1.fc44.src.rpm
kjournald	0:26.08.0-1.fc44.aarch64	kjournald-26.08.0-1.fc44.src.rpm
kjournald-libs	0:26.08.0-1.fc44.aarch64	kjournald-26.08.0-1.fc44.src.rpm
kmahjongg	0:26.08.0-1.fc44.aarch64	kmahjongg-26.08.0-1.fc44.src.rpm
kmenuedit	0:6.7.4-1.fc44.aarch64	kmenuedit-6.7.4-1.fc44.src.rpm
kmines	0:26.08.0-1.fc44.aarch64	kmines-26.08.0-1.fc44.src.rpm
kmod	0:34.2-4.fc44.aarch64	kmod-34.2-4.fc44.src.rpm
kmod-libs	0:34.2-4.fc44.aarch64	kmod-34.2-4.fc44.src.rpm
kmouth	0:26.08.0-1.fc44.aarch64	kmouth-26.08.0-1.fc44.src.rpm
knighttime	0:6.7.4-1.fc44.aarch64	knighttime-6.7.4-1.fc44.src.rpm
konsole	0:26.08.0-1.fc44.aarch64	konsole-26.08.0-1.fc44.src.rpm
konsole-part	0:26.08.0-1.fc44.aarch64	konsole-26.08.0-1.fc44.src.rpm
kpat	0:26.08.0-1.fc44.aarch64	kpat-26.08.0-1.fc44.src.rpm
kpipewire	0:6.7.4-1.fc44.aarch64	kpipewire-6.7.4-1.fc44.src.rpm
kpmcore	0:26.08.0-1.fc44.aarch64	kpmcore-26.08.0-1.fc44.src.rpm
kquickimageeditor-qt6	0:0.6.0-6.fc44.aarch64	kquickimageeditor-0.6.0-6.fc44.src.rpm
krb5-libs	0:1.22.2-4.fc44.aarch64	krb5-1.22.2-4.fc44.src.rpm
krdc	0:26.08.0-1.fc44.aarch64	krdc-26.08.0-1.fc44.src.rpm
krdc-libs	0:26.08.0-1.fc44.aarch64	krdc-26.08.0-1.fc44.src.rpm
krdp	0:6.7.4-1.fc44.aarch64	krdp-6.7.4-1.fc44.src.rpm
krdp-libs	0:6.7.4-1.fc44.aarch64	krdp-6.7.4-1.fc44.src.rpm
krfb	0:26.08.0-1.fc44.aarch64	krfb-26.08.0-1.fc44.src.rpm
krfb-libs	0:26.08.0-1.fc44.aarch64	krfb-26.08.0-1.fc44.src.rpm
krusader	0:2.9.0-4.fc44.aarch64	krusader-2.9.0-4.fc44.src.rpm
ksanecore	0:26.08.0-1.fc44.aarch64	ksanecore-26.08.0-1.fc44.src.rpm
kscreen	1:6.7.4-1.fc44.aarch64	kscreen-6.7.4-1.fc44.src.rpm
kscreenlocker	0:6.7.4-1.fc44.aarch64	kscreenlocker-6.7.4-1.fc44.src.rpm
ksshaskpass	0:6.7.4-1.fc44.aarch64	ksshaskpass-6.7.4-1.fc44.src.rpm
ksystemstats	0:6.7.4-1.fc44.aarch64	ksystemstats-6.7.4-1.fc44.src.rpm
ktorrent	0:26.08.0-1.fc44.aarch64	ktorrent-26.08.0-1.fc44.src.rpm
ktorrent-libs	0:26.08.0-1.fc44.aarch64	ktorrent-26.08.0-1.fc44.src.rpm
kunifiedpush	0:26.08.0-1.fc44.aarch64	kunifiedpush-26.08.0-1.fc44.src.rpm
kwalletmanager5	0:26.08.0-1.fc44.aarch64	kwalletmanager5-26.08.0-1.fc44.src.rpm
kwayland	0:6.7.4-1.fc44.aarch64	kwayland-6.7.4-1.fc44.src.rpm
kwin	0:6.7.4-2.fc44.aarch64	kwin-6.7.4-2.fc44.src.rpm
kwin-common	0:6.7.4-2.fc44.aarch64	kwin-6.7.4-2.fc44.src.rpm
kwin-libs	0:6.7.4-2.fc44.aarch64	kwin-6.7.4-2.fc44.src.rpm
kwrite	0:26.08.0-1.fc44.aarch64	kate-26.08.0-1.fc44.src.rpm
kwrited	0:6.7.4-1.fc44.aarch64	kwrited-6.7.4-1.fc44.src.rpm
lame-libs	0:3.100-21.fc44.aarch64	lame-3.100-21.fc44.src.rpm
layer-shell-qt	0:6.7.4-2.fc44.aarch64	layer-shell-qt-6.7.4-2.fc44.src.rpm
lcms2	0:2.16-7.fc44.aarch64	lcms2-2.16-7.fc44.src.rpm
ldns	0:1.9.2-1.fc44.aarch64	ldns-1.9.2-1.fc44.src.rpm
leptonica	0:1.87.0-4.fc44.aarch64	leptonica-1.87.0-4.fc44.src.rpm
less	0:704-4.fc44.aarch64	less-704-4.fc44.src.rpm
leveldb	0:1.23-14.fc44.aarch64	leveldb-1.23-14.fc44.src.rpm
libICE	0:1.1.2-4.fc44.aarch64	libICE-1.1.2-4.fc44.src.rpm
libSM	0:1.2.5-4.fc44.aarch64	libSM-1.2.5-4.fc44.src.rpm
libX11	0:1.8.13-1.fc44.aarch64	libX11-1.8.13-1.fc44.src.rpm
libX11-common	0:1.8.13-1.fc44.noarch	libX11-1.8.13-1.fc44.src.rpm
libX11-xcb	0:1.8.13-1.fc44.aarch64	libX11-1.8.13-1.fc44.src.rpm
libXau	0:1.0.12-4.fc44.aarch64	libXau-1.0.12-4.fc44.src.rpm
libXaw	0:1.0.16-5.fc44.aarch64	libXaw-1.0.16-5.fc44.src.rpm
libXcomposite	0:0.4.6-7.fc44.aarch64	libXcomposite-0.4.6-7.fc44.src.rpm
libXcursor	0:1.2.3-4.fc44.aarch64	libXcursor-1.2.3-4.fc44.src.rpm
libXdamage	0:1.1.6-7.fc44.aarch64	libXdamage-1.1.6-7.fc44.src.rpm
libXdmcp	0:1.1.5-5.fc44.aarch64	libXdmcp-1.1.5-5.fc44.src.rpm
libXext	0:1.3.6-5.fc44.aarch64	libXext-1.3.6-5.fc44.src.rpm
libXfixes	0:6.0.1-7.fc44.aarch64	libXfixes-6.0.1-7.fc44.src.rpm
libXfont2	0:2.0.9-1.fc44.aarch64	libXfont2-2.0.9-1.fc44.src.rpm
libXft	0:2.3.8-10.fc44.aarch64	libXft-2.3.8-10.fc44.src.rpm
libXi	0:1.8.3-1.fc44.aarch64	libXi-1.8.3-1.fc44.src.rpm
libXinerama	0:1.1.5-10.fc44.aarch64	libXinerama-1.1.5-10.fc44.src.rpm
libXmu	0:1.2.1-5.fc44.aarch64	libXmu-1.2.1-5.fc44.src.rpm
libXpm	0:3.5.17-7.fc44.aarch64	libXpm-3.5.17-7.fc44.src.rpm
libXrandr	0:1.5.4-7.fc44.aarch64	libXrandr-1.5.4-7.fc44.src.rpm
libXrender	0:0.9.12-4.fc44.aarch64	libXrender-0.9.12-4.fc44.src.rpm
libXt	0:1.3.1-4.fc44.aarch64	libXt-1.3.1-4.fc44.src.rpm
libXtst	0:1.2.5-4.fc44.aarch64	libXtst-1.2.5-4.fc44.src.rpm
libXv	0:1.0.13-4.fc44.aarch64	libXv-1.0.13-4.fc44.src.rpm
libXxf86dga	0:1.1.6-7.fc44.aarch64	libXxf86dga-1.1.6-7.fc44.src.rpm
libXxf86vm	0:1.1.6-4.fc44.aarch64	libXxf86vm-1.1.6-4.fc44.src.rpm
libaccounts-glib	0:1.25-24.fc44.aarch64	libaccounts-glib-1.25-24.fc44.src.rpm
libaccounts-qt6	0:1.17-4.fc44.aarch64	libaccounts-qt-1.17-4.fc44.src.rpm
libacl	0:2.4.0-1.fc44.aarch64	acl-2.4.0-1.fc44.src.rpm
libaio	0:0.3.111-23.fc44.aarch64	libaio-0.3.111-23.fc44.src.rpm
libaom	0:3.13.3-1.fc44.aarch64	aom-3.13.3-1.fc44.src.rpm
libappindicator-gtk3	0:12.10.1-10.fc44.aarch64	libappindicator-12.10.1-10.fc44.src.rpm
libarchive	0:3.8.7-1.fc44.aarch64	libarchive-3.8.7-1.fc44.src.rpm
libaribcaption	0:1.1.1-4.fc44.aarch64	libaribcaption-1.1.1-4.fc44.src.rpm
libass	0:0.17.4-2.fc44.aarch64	libass-0.17.4-2.fc44.src.rpm
libassuan	0:2.5.7-5.fc44.aarch64	libassuan-2.5.7-5.fc44.src.rpm
libasyncns	0:0.8-34.fc44.aarch64	libasyncns-0.8-34.fc44.src.rpm
libatasmart	0:0.19-32.fc44.aarch64	libatasmart-0.19-32.fc44.src.rpm
libatomic	0:16.2.1-2.fc44.aarch64	gcc-16.2.1-2.fc44.src.rpm
libattr	0:2.6.0-1.fc44.aarch64	attr-2.6.0-1.fc44.src.rpm
libavcodec-free	0:8.1.2-4.fc44.aarch64	ffmpeg-8.1.2-4.fc44.src.rpm
libavfilter-free	0:8.1.2-4.fc44.aarch64	ffmpeg-8.1.2-4.fc44.src.rpm
libavformat-free	0:8.1.2-4.fc44.aarch64	ffmpeg-8.1.2-4.fc44.src.rpm
libavif	0:1.3.0-4.fc44.aarch64	libavif-1.3.0-4.fc44.src.rpm
libavutil-free	0:8.1.2-4.fc44.aarch64	ffmpeg-8.1.2-4.fc44.src.rpm
libayatana-appindicator-gtk3	0:0.5.94-5.fc44.aarch64	libayatana-appindicator-0.5.94-5.fc44.src.rpm
libayatana-ido-gtk3	0:0.10.4-7.fc44.aarch64	libayatana-ido-0.10.4-7.fc44.src.rpm
libayatana-indicator-gtk3	0:0.9.4-10.fc44.aarch64	libayatana-indicator-0.9.4-10.fc44.src.rpm
libb2	0:0.98.1-15.fc44.aarch64	libb2-0.98.1-15.fc44.src.rpm
libbabeltrace	0:1.5.11-17.fc44.aarch64	babeltrace-1.5.11-17.fc44.src.rpm
libblack-hole-solver1	0:1.14.0-4.fc44.aarch64	black-hole-solver-1.14.0-4.fc44.src.rpm
libblkid	0:2.41.5-1.fc44.aarch64	util-linux-2.41.5-1.fc44.src.rpm
libblockdev	0:3.5.0-1.fc44.aarch64	libblockdev-3.5.0-1.fc44.src.rpm
libblockdev-crypto	0:3.5.0-1.fc44.aarch64	libblockdev-3.5.0-1.fc44.src.rpm
libblockdev-fs	0:3.5.0-1.fc44.aarch64	libblockdev-3.5.0-1.fc44.src.rpm
libblockdev-loop	0:3.5.0-1.fc44.aarch64	libblockdev-3.5.0-1.fc44.src.rpm
libblockdev-mdraid	0:3.5.0-1.fc44.aarch64	libblockdev-3.5.0-1.fc44.src.rpm
libblockdev-nvme	0:3.5.0-1.fc44.aarch64	libblockdev-3.5.0-1.fc44.src.rpm
libblockdev-part	0:3.5.0-1.fc44.aarch64	libblockdev-3.5.0-1.fc44.src.rpm
libblockdev-smart	0:3.5.0-1.fc44.aarch64	libblockdev-3.5.0-1.fc44.src.rpm
libblockdev-swap	0:3.5.0-1.fc44.aarch64	libblockdev-3.5.0-1.fc44.src.rpm
libblockdev-utils	0:3.5.0-1.fc44.aarch64	libblockdev-3.5.0-1.fc44.src.rpm
libbluray	0:1.4.0-3.fc44.aarch64	libbluray-1.4.0-3.fc44.src.rpm
libbpf	2:1.6.3-2.fc44.aarch64	libbpf-1.6.3-2.fc44.src.rpm
libbrotli	0:1.2.0-3.fc44.aarch64	brotli-1.2.0-3.fc44.src.rpm
libbs2b	0:3.1.0-37.fc44.aarch64	libbs2b-3.1.0-37.fc44.src.rpm
libbytesize	0:2.12-2.fc44.aarch64	libbytesize-2.12-2.fc44.src.rpm
libcanberra	0:0.30-39.fc44.aarch64	libcanberra-0.30-39.fc44.src.rpm
libcap	0:2.78-1.fc44.aarch64	libcap-2.78-1.fc44.src.rpm
libcap-ng	0:0.9.5-1.fc44.aarch64	libcap-ng-0.9.5-1.fc44.src.rpm
libcbor	0:0.13.0-2.fc44.aarch64	libcbor-0.13.0-2.fc44.src.rpm
libchromaprint	0:1.6.0-4.fc44.aarch64	chromaprint-1.6.0-4.fc44.src.rpm
libcloudproviders	0:0.4.1-1.fc44.aarch64	libcloudproviders-0.4.1-1.fc44.src.rpm
libcom_err	0:1.47.3-4.fc44.aarch64	e2fsprogs-1.47.3-4.fc44.src.rpm
libcomps	0:0.1.24-1.fc44.aarch64	libcomps-0.1.24-1.fc44.src.rpm
libcupsfilters	1:2.1.1-9.fc44.aarch64	libcupsfilters-2.1.1-9.fc44.src.rpm
libcurl-minimal	0:8.18.0-9.fc44.aarch64	curl-8.18.0-9.fc44.src.rpm
libdaemon	0:0.14-33.fc44.aarch64	libdaemon-0.14-33.fc44.src.rpm
libdatrie	0:0.2.14-2.fc44.aarch64	libdatrie-0.2.14-2.fc44.src.rpm
libdav1d	0:1.5.3-1.fc44.aarch64	dav1d-1.5.3-1.fc44.src.rpm
libdbusmenu	0:16.04.0-31.fc44.aarch64	libdbusmenu-16.04.0-31.fc44.src.rpm
libdbusmenu-gtk3	0:16.04.0-31.fc44.aarch64	libdbusmenu-16.04.0-31.fc44.src.rpm
libddcutil	0:2.2.1-3.fc44.aarch64	ddcutil-2.2.1-3.fc44.src.rpm
libdecor	0:0.2.5-2.fc44.aarch64	libdecor-0.2.5-2.fc44.src.rpm
libdeflate	0:1.26-1.fc44.aarch64	libdeflate-1.26-1.fc44.src.rpm
libdisplay-info	0:0.3.0-1.fc44.aarch64	libdisplay-info-0.3.0-1.fc44.src.rpm
libdisplay-info-tools	0:0.3.0-1.fc44.aarch64	libdisplay-info-0.3.0-1.fc44.src.rpm
libdmtx	0:0.7.8-3.fc44.aarch64	libdmtx-0.7.8-3.fc44.src.rpm
libdnf	0:0.75.0-2.fc44.aarch64	libdnf-0.75.0-2.fc44.src.rpm
libdnf5	0:5.4.3.0-2.fc44.aarch64	dnf5-5.4.3.0-2.fc44.src.rpm
libdnf5-cli	0:5.4.3.0-2.fc44.aarch64	dnf5-5.4.3.0-2.fc44.src.rpm
libdnf5-plugin-appstream	0:5.4.3.0-2.fc44.aarch64	dnf5-5.4.3.0-2.fc44.src.rpm
libdovi	0:3.3.2-3.fc44.aarch64	rust-dolby_vision-3.3.2-3.fc44.src.rpm
libdrm	0:2.4.134-1.fc44.aarch64	libdrm-2.4.134-1.fc44.src.rpm
libdvdnav	0:7.0.0-1.fc44.aarch64	libdvdnav-7.0.0-1.fc44.src.rpm
libdvdread	0:7.0.1-1.fc44.aarch64	libdvdread-7.0.1-1.fc44.src.rpm
libebur128	0:1.2.6-15.fc44.aarch64	libebur128-1.2.6-15.fc44.src.rpm
libeconf	0:0.7.9-3.fc44.aarch64	libeconf-0.7.9-3.fc44.src.rpm
libedit	0:3.1-59.20260512cvs.fc44.aarch64	libedit-3.1-59.20260512cvs.fc44.src.rpm
libei	0:1.6.0-2.fc44.aarch64	libei-1.6.0-2.fc44.src.rpm
libeis	0:1.6.0-2.fc44.aarch64	libei-1.6.0-2.fc44.src.rpm
libell	0:0.83-1.fc44.aarch64	libell-0.83-1.fc44.src.rpm
libepoxy	0:1.5.10-12.fc44.aarch64	libepoxy-1.5.10-12.fc44.src.rpm
libevdev	0:1.13.7-1.fc44.aarch64	libevdev-1.13.7-1.fc44.src.rpm
libevent	0:2.1.12-17.fc44.aarch64	libevent-2.1.12-17.fc44.src.rpm
libexif	0:0.6.26-1.fc44.aarch64	libexif-0.6.26-1.fc44.src.rpm
libfakekey	0:0.3-27.fc44.aarch64	libfakekey-0.3-27.fc44.src.rpm
libfdisk	0:2.41.5-1.fc44.aarch64	util-linux-2.41.5-1.fc44.src.rpm
libffi	0:3.5.2-2.fc44.aarch64	libffi-3.5.2-2.fc44.src.rpm
libfido2	0:1.16.0-5.fc44.aarch64	libfido2-1.16.0-5.fc44.src.rpm
libfontenc	0:1.1.8-5.fc44.aarch64	libfontenc-1.1.8-5.fc44.src.rpm
libfprint	0:1.94.100-1.fc44.aarch64	libfprint-1.94.100-1.fc44.src.rpm
libfreecell-solver	0:6.16.0-2.fc44.aarch64	freecell-solver-6.16.0-2.fc44.src.rpm
libfsverity	0:1.6-4.fc44.aarch64	fsverity-utils-1.6-4.fc44.src.rpm
libfyaml	0:0.8-9.fc44.aarch64	libfyaml-0.8-9.fc44.src.rpm
libgcc	0:16.2.1-2.fc44.aarch64	gcc-16.2.1-2.fc44.src.rpm
libgcrypt	0:1.12.2-1.fc44.aarch64	libgcrypt-1.12.2-1.fc44.src.rpm
libgfortran	0:16.2.1-2.fc44.aarch64	gcc-16.2.1-2.fc44.src.rpm
libglvnd	1:1.7.0-9.fc44.aarch64	libglvnd-1.7.0-9.fc44.src.rpm
libglvnd-egl	1:1.7.0-9.fc44.aarch64	libglvnd-1.7.0-9.fc44.src.rpm
libglvnd-gles	1:1.7.0-9.fc44.aarch64	libglvnd-1.7.0-9.fc44.src.rpm
libglvnd-glx	1:1.7.0-9.fc44.aarch64	libglvnd-1.7.0-9.fc44.src.rpm
libglvnd-opengl	1:1.7.0-9.fc44.aarch64	libglvnd-1.7.0-9.fc44.src.rpm
libgomp	0:16.2.1-2.fc44.aarch64	gcc-16.2.1-2.fc44.src.rpm
libgpg-error	0:1.58-2.fc44.aarch64	libgpg-error-1.58-2.fc44.src.rpm
libgpiod	0:2.2.5-1.fc44.aarch64	libgpiod-2.2.5-1.fc44.src.rpm
libgpiod-utils	0:2.2.5-1.fc44.aarch64	libgpiod-2.2.5-1.fc44.src.rpm
libgs	0:10.06.0-2.fc44.aarch64	ghostscript-10.06.0-2.fc44.src.rpm
libgudev	0:238-9.fc44.aarch64	libgudev-238-9.fc44.src.rpm
libgusb	0:0.4.9-5.fc44.aarch64	libgusb-0.4.9-5.fc44.src.rpm
libheif	0:1.21.2-1.fc44.aarch64	libheif-1.21.2-1.fc44.src.rpm
libi2c	0:4.4-4.fc44.aarch64	i2c-tools-4.4-4.fc44.src.rpm
libibverbs	0:61.0-2.fc44.aarch64	rdma-core-61.0-2.fc44.src.rpm
libical	0:3.0.20-7.fc44.aarch64	libical-3.0.20-7.fc44.src.rpm
libicu	0:77.1-3.fc44.aarch64	icu-77.1-3.fc44.src.rpm
libidn2	0:2.3.8-3.fc44.aarch64	libidn2-2.3.8-3.fc44.src.rpm
libiio	0:0.26-8.fc44.aarch64	libiio-0.26-8.fc44.src.rpm
libijs	0:0.35-26.fc44.aarch64	libijs-0.35-26.fc44.src.rpm
libimobiledevice	0:1.4.0-3.fc44.aarch64	libimobiledevice-1.4.0-3.fc44.src.rpm
libimobiledevice-glue	0:1.3.2-1.fc44.aarch64	libimobiledevice-glue-1.3.2-1.fc44.src.rpm
libinput	0:1.31.3-1.fc44.aarch64	libinput-1.31.3-1.fc44.src.rpm
libjpeg-turbo	0:3.1.3-1.fc44.aarch64	libjpeg-turbo-3.1.3-1.fc44.src.rpm
libjxl	1:0.11.2-1.fc44.aarch64	jpegxl-0.11.2-1.fc44.src.rpm
libkcddb	0:26.08.0-1.fc44.aarch64	libkcddb-26.08.0-1.fc44.src.rpm
libkcddb-doc	0:26.08.0-1.fc44.noarch	libkcddb-26.08.0-1.fc44.src.rpm
libkdcraw	0:26.08.0-1.fc44.aarch64	libkdcraw-26.08.0-1.fc44.src.rpm
libkdegames	0:26.08.0-1.fc44.aarch64	libkdegames-26.08.0-1.fc44.src.rpm
libkexiv2-qt6	0:26.08.0-1.fc44.aarch64	libkexiv2-26.08.0-1.fc44.src.rpm
libkgapi	0:26.08.0-1.fc44.aarch64	libkgapi-26.08.0-1.fc44.src.rpm
libkmahjongg	0:26.08.0-1.fc44.aarch64	libkmahjongg-26.08.0-1.fc44.src.rpm
libkmahjongg-data	0:26.08.0-1.fc44.noarch	libkmahjongg-26.08.0-1.fc44.src.rpm
libksba	0:1.6.7-5.fc44.aarch64	libksba-1.6.7-5.fc44.src.rpm
libkscreen	0:6.7.4-1.fc44.aarch64	libkscreen-6.7.4-1.fc44.src.rpm
libksysguard	0:6.7.4-1.fc44.aarch64	libksysguard-6.7.4-1.fc44.src.rpm
libksysguard-common	0:6.7.4-1.fc44.aarch64	libksysguard-6.7.4-1.fc44.src.rpm
libktorrent	0:26.08.0-1.fc44.aarch64	libktorrent-26.08.0-1.fc44.src.rpm
libkworkspace6	0:6.7.4-2.fc44.aarch64	plasma-workspace-6.7.4-2.fc44.src.rpm
liblastlog2	0:2.41.5-1.fc44.aarch64	util-linux-2.41.5-1.fc44.src.rpm
liblc3	0:1.1.3-7.fc44.aarch64	liblc3-1.1.3-7.fc44.src.rpm
libldac	0:2.0.2.3-19.fc44.aarch64	libldac-2.0.2.3-19.fc44.src.rpm
libldb	2:4.24.6-1.fc44.aarch64	samba-4.24.6-1.fc44.src.rpm
liblerc	0:4.0.0-10.fc44.aarch64	liblerc-4.0.0-10.fc44.src.rpm
libmarkdown	0:2.2.7-14.fc44.aarch64	discount-2.2.7-14.fc44.src.rpm
libmaxminddb	0:1.13.3-1.fc44.aarch64	libmaxminddb-1.13.3-1.fc44.src.rpm
libmng	0:2.0.3-25.fc44.aarch64	libmng-2.0.3-25.fc44.src.rpm
libmnl	0:1.0.5-9.fc44.aarch64	libmnl-1.0.5-9.fc44.src.rpm
libmodplug	1:0.8.9.0-29.fc44.aarch64	libmodplug-0.8.9.0-29.fc44.src.rpm
libmodulemd	0:2.15.3-1.fc44.aarch64	libmodulemd-2.15.3-1.fc44.src.rpm
libmount	0:2.41.5-1.fc44.aarch64	util-linux-2.41.5-1.fc44.src.rpm
libmpc	0:1.4.1-1.fc44.aarch64	libmpc-1.4.1-1.fc44.src.rpm
libmtp	0:1.1.22-3.fc44.aarch64	libmtp-1.1.22-3.fc44.src.rpm
libmusicbrainz5	0:5.1.0-30.fc44.aarch64	libmusicbrainz5-5.1.0-30.fc44.src.rpm
libmysofa	0:1.3.3-4.fc44.aarch64	libmysofa-1.3.3-4.fc44.src.rpm
libndp	0:1.9-5.fc44.aarch64	libndp-1.9-5.fc44.src.rpm
libnetapi	2:4.24.6-1.fc44.aarch64	samba-4.24.6-1.fc44.src.rpm
libnetfilter_conntrack	0:1.1.1-1.fc44.aarch64	libnetfilter_conntrack-1.1.1-1.fc44.src.rpm
libnfnetlink	0:1.0.1-32.fc44.aarch64	libnfnetlink-1.0.1-32.fc44.src.rpm
libnftnl	0:1.3.1-2.fc44.aarch64	libnftnl-1.3.1-2.fc44.src.rpm
libnghttp2	0:1.68.0-5.fc44.aarch64	nghttp2-1.68.0-5.fc44.src.rpm
libnice	0:0.1.23-2.fc44.aarch64	libnice-0.1.23-2.fc44.src.rpm
libnl3	0:3.12.0-3.fc44.aarch64	libnl3-3.12.0-3.fc44.src.rpm
libnotify	0:0.8.8-1.fc44.aarch64	libnotify-0.8.8-1.fc44.src.rpm
libnsl2	0:2.0.1-5.fc44.aarch64	libnsl2-2.0.1-5.fc44.src.rpm
libntlm	0:1.8-4.fc44.aarch64	libntlm-1.8-4.fc44.src.rpm
libnvme	0:1.16.2-1.fc44.aarch64	libnvme-1.16.2-1.fc44.src.rpm
liboeffis	0:1.6.0-2.fc44.aarch64	libei-1.6.0-2.fc44.src.rpm
libogg	2:1.3.6-2.fc44.aarch64	libogg-1.3.6-2.fc44.src.rpm
libolm	0:3.2.16-11.fc44.aarch64	libolm-3.2.16-11.fc44.src.rpm
libopenjph	0:0.25.3-3.fc44.aarch64	openjph-0.25.3-3.fc44.src.rpm
libopenmpt	0:0.8.9-1.fc44.aarch64	libopenmpt-0.8.9-1.fc44.src.rpm
libpaper	1:2.1.1-10.fc44.aarch64	libpaper-2.1.1-10.fc44.src.rpm
libpcap	14:1.10.6-2.fc44.aarch64	libpcap-1.10.6-2.fc44.src.rpm
libpciaccess	0:0.16-17.fc44.aarch64	libpciaccess-0.16-17.fc44.src.rpm
libpfm	0:4.13.0-20.fc44.aarch64	libpfm-4.13.0-20.fc44.src.rpm
libpkgconf	0:2.5.1-1.fc44.aarch64	pkgconf-2.5.1-1.fc44.src.rpm
libplacebo	0:7.360.1-3.fc44.aarch64	libplacebo-7.360.1-3.fc44.src.rpm
libplasma	0:6.7.4-1.fc44.aarch64	libplasma-6.7.4-1.fc44.src.rpm
libplist	0:2.7.0-1.fc44.aarch64	libplist-2.7.0-1.fc44.src.rpm
libpng	2:1.6.58-1.fc44.aarch64	libpng-1.6.58-1.fc44.src.rpm
libppd	1:2.1.1-3.fc44.aarch64	libppd-2.1.1-3.fc44.src.rpm
libproxy	0:0.5.12-2.fc44.aarch64	libproxy-0.5.12-2.fc44.src.rpm
libpskc	0:2.6.14-1.fc44.aarch64	oath-toolkit-2.6.14-1.fc44.src.rpm
libpsl	0:0.21.5-7.fc44.aarch64	libpsl-0.21.5-7.fc44.src.rpm
libpwquality	0:1.4.5-15.fc44.aarch64	libpwquality-1.4.5-15.fc44.src.rpm
libqalculate	0:5.9.0-1.fc44.aarch64	libqalculate-5.9.0-1.fc44.src.rpm
libquotient-qt6	0:0.9.5-4.fc44.aarch64	libquotient-0.9.5-4.fc44.src.rpm
librabbitmq	0:0.17.0-1.fc44.aarch64	librabbitmq-0.17.0-1.fc44.src.rpm
librepo	0:1.21.0-2.fc44.aarch64	librepo-1.21.0-2.fc44.src.rpm
libreport	0:2.17.15-10.fc44.aarch64	libreport-2.17.15-10.fc44.src.rpm
libreport-fedora	0:2.17.15-10.fc44.aarch64	libreport-2.17.15-10.fc44.src.rpm
libreport-filesystem	0:2.17.15-10.fc44.noarch	libreport-2.17.15-10.fc44.src.rpm
libreport-gtk	0:2.17.15-10.fc44.aarch64	libreport-2.17.15-10.fc44.src.rpm
libreport-plugin-bugzilla	0:2.17.15-10.fc44.aarch64	libreport-2.17.15-10.fc44.src.rpm
libreport-plugin-kerneloops	0:2.17.15-10.fc44.aarch64	libreport-2.17.15-10.fc44.src.rpm
libreport-plugin-logger	0:2.17.15-10.fc44.aarch64	libreport-2.17.15-10.fc44.src.rpm
libreport-plugin-reportuploader	0:2.17.15-10.fc44.aarch64	libreport-2.17.15-10.fc44.src.rpm
libreport-plugin-systemd-journal	0:2.17.15-10.fc44.aarch64	libreport-2.17.15-10.fc44.src.rpm
libreport-plugin-ureport	0:2.17.15-10.fc44.aarch64	libreport-2.17.15-10.fc44.src.rpm
libreport-web	0:2.17.15-10.fc44.aarch64	libreport-2.17.15-10.fc44.src.rpm
libreswan	0:5.3.2-2.fc44.aarch64	libreswan-5.3.2-2.fc44.src.rpm
libreswan-minimal	0:5.3.2-2.fc44.aarch64	libreswan-5.3.2-2.fc44.src.rpm
librime	0:1.16.1-2.fc44.aarch64	librime-1.16.1-2.fc44.src.rpm
librime-lua	0:1.16.1-2.fc44.aarch64	librime-1.16.1-2.fc44.src.rpm
librist	0:0.2.11-1.fc44.aarch64	librist-0.2.11-1.fc44.src.rpm
librsvg2	0:2.62.3-1.fc44.aarch64	librsvg2-2.62.3-1.fc44.src.rpm
libsamplerate	0:0.2.2-12.fc44.aarch64	libsamplerate-0.2.2-12.fc44.src.rpm
libsbc	0:2.1-2.fc44.aarch64	sbc-2.1-2.fc44.src.rpm
libseccomp	0:2.6.1-2.fc44.aarch64	libseccomp-2.6.1-2.fc44.src.rpm
libsecret	0:0.21.7-10.fc44.aarch64	libsecret-0.21.7-10.fc44.src.rpm
libselinux	0:3.11-1.fc44.aarch64	libselinux-3.11-1.fc44.src.rpm
libsemanage	0:3.11-1.fc44.aarch64	libsemanage-3.11-1.fc44.src.rpm
libsepol	0:3.11-1.fc44.aarch64	libsepol-3.11-1.fc44.src.rpm
libshaderc	0:2026.1-1.fc44.aarch64	shaderc-2026.1-1.fc44.src.rpm
libshout	0:2.4.6-10.fc44.aarch64	libshout-2.4.6-10.fc44.src.rpm
libsmartcols	0:2.41.5-1.fc44.aarch64	util-linux-2.41.5-1.fc44.src.rpm
libsmbclient	2:4.24.6-1.fc44.aarch64	samba-4.24.6-1.fc44.src.rpm
libsndfile	0:1.2.2-11.fc44.aarch64	libsndfile-1.2.2-11.fc44.src.rpm
libsodium	0:1.0.22-1.fc44.aarch64	libsodium-1.0.22-1.fc44.src.rpm
libsolv	0:0.7.39-1.fc44.aarch64	libsolv-0.7.39-1.fc44.src.rpm
libsoup3	0:3.6.6-9.fc44.aarch64	libsoup3-3.6.6-9.fc44.src.rpm
libspectre	0:0.2.12-11.fc44.aarch64	libspectre-0.2.12-11.fc44.src.rpm
libsrtp	0:2.8.0-1.fc44.aarch64	libsrtp-2.8.0-1.fc44.src.rpm
libss	0:1.47.3-4.fc44.aarch64	e2fsprogs-1.47.3-4.fc44.src.rpm
libssh	0:0.12.2-1.fc44.aarch64	libssh-0.12.2-1.fc44.src.rpm
libssh-config	0:0.12.2-1.fc44.noarch	libssh-0.12.2-1.fc44.src.rpm
libstdc++	0:16.2.1-2.fc44.aarch64	gcc-16.2.1-2.fc44.src.rpm
libstemmer	0:3.0.1-11.fc44.aarch64	snowball-3.0.1-11.fc44.src.rpm
libswresample-free	0:8.1.2-4.fc44.aarch64	ffmpeg-8.1.2-4.fc44.src.rpm
libswscale-free	0:8.1.2-4.fc44.aarch64	ffmpeg-8.1.2-4.fc44.src.rpm
libtalloc	0:2.4.4-1.fc44.aarch64	libtalloc-2.4.4-1.fc44.src.rpm
libtasn1	0:4.21.0-1.fc44.aarch64	libtasn1-4.21.0-1.fc44.src.rpm
libtdb	0:1.4.15-1.fc44.aarch64	libtdb-1.4.15-1.fc44.src.rpm
libtevent	0:0.17.1-4.fc44.aarch64	libtevent-0.17.1-4.fc44.src.rpm
libthai	0:0.1.30-2.fc44.aarch64	libthai-0.1.30-2.fc44.src.rpm
libtheora	1:1.1.1-41.fc44.aarch64	libtheora-1.1.1-41.fc44.src.rpm
libtiff	0:4.7.2-1.fc44.aarch64	libtiff-4.7.2-1.fc44.src.rpm
libtinysparql	0:3.11.1-1.fc44.aarch64	tinysparql-3.11.1-1.fc44.src.rpm
libtirpc	0:1.3.7-2.fc44.aarch64	libtirpc-1.3.7-2.fc44.src.rpm
libtool-ltdl	0:2.5.4-10.fc44.aarch64	libtool-2.5.4-10.fc44.src.rpm
libudfread	0:1.2.0-3.fc44.aarch64	libudfread-1.2.0-3.fc44.src.rpm
libudisks2	0:2.11.2-1.fc44.aarch64	udisks2-2.11.2-1.fc44.src.rpm
libunibreak	0:6.1-5.fc44.aarch64	libunibreak-6.1-5.fc44.src.rpm
libunistring	0:1.1-11.fc44.aarch64	libunistring-1.1-11.fc44.src.rpm
libunity-gtk3-parser	0:0.0.0+17.04.20170403-24.fc44.aarch64	unity-gtk-module-0.0.0+17.04.20170403-24.fc44.src.rpm
libunwind	0:1.8.3-1.fc44.aarch64	libunwind-1.8.3-1.fc44.src.rpm
libusb1	0:1.0.30-1.fc44.aarch64	libusb1-1.0.30-1.fc44.src.rpm
libusbmuxd	0:2.1.1-1.fc44.aarch64	libusbmuxd-2.1.1-1.fc44.src.rpm
libuser	0:0.64-17.fc44.aarch64	libuser-0.64-17.fc44.src.rpm
libutempter	0:1.2.1-20.fc44.aarch64	libutempter-1.2.1-20.fc44.src.rpm
libuuid	0:2.41.5-1.fc44.aarch64	util-linux-2.41.5-1.fc44.src.rpm
libv4l	0:1.32.0-3.fc44.aarch64	v4l-utils-1.32.0-3.fc44.src.rpm
libva	0:2.23.0-3.fc44.aarch64	libva-2.23.0-3.fc44.src.rpm
libvdpau	0:1.5-11.fc44.aarch64	libvdpau-1.5-11.fc44.src.rpm
libverto	0:0.3.2-12.fc44.aarch64	libverto-0.3.2-12.fc44.src.rpm
libvisual	1:0.4.2-4.fc44.aarch64	libvisual-0.4.2-4.fc44.src.rpm
libvncserver	0:0.9.15-6.fc44.aarch64	libvncserver-0.9.15-6.fc44.src.rpm
libvorbis	1:1.3.7-14.fc44.aarch64	libvorbis-1.3.7-14.fc44.src.rpm
libvpx	0:1.15.0-5.fc44.aarch64	libvpx-1.15.0-5.fc44.src.rpm
libwacom	0:2.19.0-1.fc44.aarch64	libwacom-2.19.0-1.fc44.src.rpm
libwacom-data	0:2.19.0-1.fc44.noarch	libwacom-2.19.0-1.fc44.src.rpm
libwayland-client	0:1.25.0-1.fc44.aarch64	wayland-1.25.0-1.fc44.src.rpm
libwayland-cursor	0:1.25.0-1.fc44.aarch64	wayland-1.25.0-1.fc44.src.rpm
libwayland-egl	0:1.25.0-1.fc44.aarch64	wayland-1.25.0-1.fc44.src.rpm
libwayland-server	0:1.25.0-1.fc44.aarch64	wayland-1.25.0-1.fc44.src.rpm
libwbclient	2:4.24.6-1.fc44.aarch64	samba-4.24.6-1.fc44.src.rpm
libwebp	0:1.6.0-3.fc44.aarch64	libwebp-1.6.0-3.fc44.src.rpm
libwinpr	2:3.31.1-1.fc44.aarch64	freerdp-3.31.1-1.fc44.src.rpm
libxcb	0:1.17.0-7.fc44.aarch64	libxcb-1.17.0-7.fc44.src.rpm
libxcrypt	0:4.5.2-3.fc44.aarch64	libxcrypt-4.5.2-3.fc44.src.rpm
libxcvt	0:0.1.2-11.fc44.aarch64	libxcvt-0.1.2-11.fc44.src.rpm
libxkbcommon	0:1.13.1-2.fc44.aarch64	libxkbcommon-1.13.1-2.fc44.src.rpm
libxkbcommon-x11	0:1.13.1-2.fc44.aarch64	libxkbcommon-1.13.1-2.fc44.src.rpm
libxkbfile	0:1.1.3-5.fc44.aarch64	libxkbfile-1.1.3-5.fc44.src.rpm
libxml2	0:2.12.10-6.fc44.aarch64	libxml2-2.12.10-6.fc44.src.rpm
libxmlb	0:0.3.29-1.fc44.aarch64	libxmlb-0.3.29-1.fc44.src.rpm
libxshmfence	0:1.3.2-8.fc44.aarch64	libxshmfence-1.3.2-8.fc44.src.rpm
libxslt	0:1.1.43-6.fc44.aarch64	libxslt-1.1.43-6.fc44.src.rpm
libyaml	0:0.2.5-18.fc44.aarch64	libyaml-0.2.5-18.fc44.src.rpm
libyuv	0:0-0.61.20260213git6067afd.fc44.aarch64	libyuv-0-0.61.20260213git6067afd.fc44.src.rpm
libzip	0:1.11.4-3.fc44.aarch64	libzip-1.11.4-3.fc44.src.rpm
libzstd	0:1.5.7-5.fc44.aarch64	zstd-1.5.7-5.fc44.src.rpm
lilv-libs	0:0.26.4-1.fc44.aarch64	lilv-0.26.4-1.fc44.src.rpm
linux-atm-libs	0:2.5.1-46.fc44.aarch64	linux-atm-2.5.1-46.fc44.src.rpm
linux-firmware	0:20260810-1.fc44.noarch	linux-firmware-20260810-1.fc44.src.rpm
linux-firmware-whence	0:20260810-1.fc44.noarch	linux-firmware-20260810-1.fc44.src.rpm
llvm-filesystem	0:22.1.8-4.fc44.aarch64	llvm-22.1.8-4.fc44.src.rpm
llvm-libs	0:22.1.8-4.fc44.aarch64	llvm-22.1.8-4.fc44.src.rpm
lm_sensors-libs	0:3.6.0-24.fc44.aarch64	lm_sensors-3.6.0-24.fc44.src.rpm
lmdb-libs	0:0.9.34-2.fc44.aarch64	lmdb-0.9.34-2.fc44.src.rpm
logrotate	0:3.22.0-5.fc44.aarch64	logrotate-3.22.0-5.fc44.src.rpm
lpcnetfreedv	0:0.5-10.fc44.aarch64	lpcnetfreedv-0.5-10.fc44.src.rpm
lsof	0:4.98.0-9.fc44.aarch64	lsof-4.98.0-9.fc44.src.rpm
lua-libs	0:5.4.8-5.fc44.aarch64	lua-5.4.8-5.fc44.src.rpm
lz4-libs	0:1.10.0-4.fc44.aarch64	lz4-1.10.0-4.fc44.src.rpm
lzo	0:2.10-16.fc44.aarch64	lzo-2.10-16.fc44.src.rpm
malcontent-libs	0:0.14.0-1.fc44.aarch64	malcontent-0.14.0-1.fc44.src.rpm
mariadb	3:11.8.8-3.fc44.aarch64	mariadb11.8-11.8.8-3.fc44.src.rpm
mariadb-common	3:11.8.8-3.fc44.noarch	mariadb11.8-11.8.8-3.fc44.src.rpm
mariadb-connector-c	0:3.4.9-2.fc44.aarch64	mariadb-connector-c-3.4.9-2.fc44.src.rpm
mariadb-connector-c-config	0:3.4.9-2.fc44.noarch	mariadb-connector-c-3.4.9-2.fc44.src.rpm
mariadb-errmsg	3:11.8.8-3.fc44.noarch	mariadb11.8-11.8.8-3.fc44.src.rpm
mariadb-server	3:11.8.8-3.fc44.aarch64	mariadb11.8-11.8.8-3.fc44.src.rpm
marisa	0:0.3.0-7.fc44.aarch64	marisa-0.3.0-7.fc44.src.rpm
mdadm	0:4.3-11.fc44.aarch64	mdadm-4.3-11.fc44.src.rpm
mesa-dri-drivers	0:26.1.8-1.fc44.aarch64	mesa-26.1.8-1.fc44.src.rpm
mesa-filesystem	0:26.1.8-1.fc44.aarch64	mesa-26.1.8-1.fc44.src.rpm
mesa-libEGL	0:26.1.8-1.fc44.aarch64	mesa-26.1.8-1.fc44.src.rpm
mesa-libGL	0:26.1.8-1.fc44.aarch64	mesa-26.1.8-1.fc44.src.rpm
mesa-libgbm	0:26.1.8-1.fc44.aarch64	mesa-26.1.8-1.fc44.src.rpm
mesa-vulkan-drivers	0:26.1.8-1.fc44.aarch64	mesa-26.1.8-1.fc44.src.rpm
minizip-ng-compat	0:4.1.0-1.fc44.aarch64	minizip-ng-4.1.0-1.fc44.src.rpm
mozilla-filesystem	0:1.9-38.fc44.aarch64	mozilla-filesystem-1.9-38.fc44.src.rpm
mpdecimal	0:4.0.1-3.fc44.aarch64	mpdecimal-4.0.1-3.fc44.src.rpm
mpfr	0:4.2.2-3.fc44.aarch64	mpfr-4.2.2-3.fc44.src.rpm
mpg123-libs	0:1.32.10-3.fc44.aarch64	mpg123-1.32.10-3.fc44.src.rpm
mtdev	0:1.1.6-12.fc44.aarch64	mtdev-1.1.6-12.fc44.src.rpm
ncurses-base	0:6.6-1.fc44.noarch	ncurses-6.6-1.fc44.src.rpm
ncurses-libs	0:6.6-1.fc44.aarch64	ncurses-6.6-1.fc44.src.rpm
neochat	0:26.08.0-1.fc44.aarch64	neochat-26.08.0-1.fc44.src.rpm
neon	0:0.37.1-1.fc44.aarch64	neon-0.37.1-1.fc44.src.rpm
netavark	2:1.17.2-1.fc44.aarch64	netavark-1.17.2-1.fc44.src.rpm
nettle	0:3.10.1-3.fc44.aarch64	nettle-3.10.1-3.fc44.src.rpm
nftables	1:1.1.6-2.fc44.aarch64	nftables-1.1.6-2.fc44.src.rpm
nftables-services	1:1.1.6-2.fc44.noarch	nftables-1.1.6-2.fc44.src.rpm
ngtcp2	0:1.22.1-1.fc44.aarch64	ngtcp2-1.22.1-1.fc44.src.rpm
ngtcp2-crypto-gnutls	0:1.22.1-1.fc44.aarch64	ngtcp2-1.22.1-1.fc44.src.rpm
ngtcp2-crypto-ossl	0:1.22.1-1.fc44.aarch64	ngtcp2-1.22.1-1.fc44.src.rpm
noopenh264	0:2.6.0-4.fc44.aarch64	noopenh264-2.6.0-4.fc44.src.rpm
npth	0:1.8-4.fc44.aarch64	npth-1.8-4.fc44.src.rpm
nspr	0:4.39.0-4.fc44.aarch64	nss-3.127.0-1.fc44.src.rpm
nss	0:3.127.0-1.fc44.aarch64	nss-3.127.0-1.fc44.src.rpm
nss-mdns	0:0.15.1-28.fc44.aarch64	nss-mdns-0.15.1-28.fc44.src.rpm
nss-softokn	0:3.127.0-1.fc44.aarch64	nss-3.127.0-1.fc44.src.rpm
nss-softokn-freebl	0:3.127.0-1.fc44.aarch64	nss-3.127.0-1.fc44.src.rpm
nss-sysinit	0:3.127.0-1.fc44.aarch64	nss-3.127.0-1.fc44.src.rpm
nss-tools	0:3.127.0-1.fc44.aarch64	nss-3.127.0-1.fc44.src.rpm
nss-util	0:3.127.0-1.fc44.aarch64	nss-3.127.0-1.fc44.src.rpm
ocean-sound-theme	0:6.7.4-1.fc44.noarch	ocean-sound-theme-6.7.4-1.fc44.src.rpm
okular	0:26.08.0-2.fc44.aarch64	okular-26.08.0-2.fc44.src.rpm
okular-libs	0:26.08.0-2.fc44.aarch64	okular-26.08.0-2.fc44.src.rpm
okular-part	0:26.08.0-2.fc44.aarch64	okular-26.08.0-2.fc44.src.rpm
oniguruma	0:6.9.10-4.fc44.aarch64	oniguruma-6.9.10-4.fc44.src.rpm
openal-soft	0:1.24.2-6.fc44.aarch64	openal-soft-1.24.2-6.fc44.src.rpm
openapv-libs	0:0.2.1.2-1.fc44.aarch64	openapv-0.2.1.2-1.fc44.src.rpm
openblas	0:0.3.29-2.fc43.aarch64	openblas-0.3.29-2.fc43.src.rpm
openblas-openmp	0:0.3.29-2.fc43.aarch64	openblas-0.3.29-2.fc43.src.rpm
opencc	0:1.1.9-7.fc44.aarch64	opencc-1.1.9-7.fc44.src.rpm
openconnect	0:9.12-11.fc44.aarch64	openconnect-9.12-11.fc44.src.rpm
opencore-amr	0:0.1.6-10.fc44.aarch64	opencore-amr-0.1.6-10.fc44.src.rpm
opencv-core	0:4.13.0-1.fc44.aarch64	opencv-4.13.0-1.fc44.src.rpm
opencv-imgproc	0:4.13.0-1.fc44.aarch64	opencv-4.13.0-1.fc44.src.rpm
openexr-libs	0:3.2.4-7.fc44.aarch64	openexr-3.2.4-7.fc44.src.rpm
openjpeg	0:2.5.4-3.fc44.aarch64	openjpeg-2.5.4-3.fc44.src.rpm
openldap	0:2.6.14-1.fc44.aarch64	openldap-2.6.14-1.fc44.src.rpm
openpgm	0:5.3.128-6.fc44.aarch64	openpgm-5.3.128-6.fc44.src.rpm
openssh	0:10.2p1-14.fc44.aarch64	openssh-10.2p1-14.fc44.src.rpm
openssh-clients	0:10.2p1-14.fc44.aarch64	openssh-10.2p1-14.fc44.src.rpm
openssh-server	0:10.2p1-14.fc44.aarch64	openssh-10.2p1-14.fc44.src.rpm
openssl	1:3.5.8-1.fc44.aarch64	openssl-3.5.8-1.fc44.src.rpm
openssl-libs	1:3.5.8-1.fc44.aarch64	openssl-3.5.8-1.fc44.src.rpm
openvpn	0:2.7.6-1.fc44.aarch64	openvpn-2.7.6-1.fc44.src.rpm
openxr-libs	0:1.1.63-1.fc44.aarch64	openxr-1.1.63-1.fc44.src.rpm
opus	0:1.6-2.fc44.aarch64	opus-1.6-2.fc44.src.rpm
orc	0:0.4.41-3.fc44.aarch64	orc-0.4.41-3.fc44.src.rpm
ostree-libs	0:2026.4-1.fc44.aarch64	ostree-2026.4-1.fc44.src.rpm
p11-kit	0:0.26.5-1.fc44.aarch64	p11-kit-0.26.5-1.fc44.src.rpm
p11-kit-trust	0:0.26.5-1.fc44.aarch64	p11-kit-0.26.5-1.fc44.src.rpm
pam	0:1.7.2-2.fc44.aarch64	pam-1.7.2-2.fc44.src.rpm
pam-kwallet	0:6.7.4-1.fc44.aarch64	pam-kwallet-6.7.4-1.fc44.src.rpm
pam-libs	0:1.7.2-2.fc44.aarch64	pam-1.7.2-2.fc44.src.rpm
pango	0:1.57.1-1.fc44.aarch64	pango-1.57.1-1.fc44.src.rpm
parted	0:3.6-14.fc44.aarch64	parted-3.6-14.fc44.src.rpm
passim-libs	0:0.1.12-1.fc44.aarch64	passim-0.1.12-1.fc44.src.rpm
passt	0:0^20260728.gf8df3f1-2.fc44.aarch64	passt-0^20260728.gf8df3f1-2.fc44.src.rpm
pciutils-libs	0:3.15.0-1.fc44.aarch64	pciutils-3.15.0-1.fc44.src.rpm
pcre2	0:10.47-1.fc44.1.aarch64	pcre2-10.47-1.fc44.1.src.rpm
pcre2-syntax	0:10.47-1.fc44.1.noarch	pcre2-10.47-1.fc44.1.src.rpm
pcre2-utf16	0:10.47-1.fc44.1.aarch64	pcre2-10.47-1.fc44.1.src.rpm
pcsc-lite-libs	0:2.4.1-2.fc44.aarch64	pcsc-lite-2.4.1-2.fc44.src.rpm
phonon-backend-vlc-common	0:0.12.0-8.fc44.noarch	phonon-backend-vlc-0.12.0-8.fc44.src.rpm
phonon-common	0:4.12.0-11.fc44.noarch	phonon-4.12.0-11.fc44.src.rpm
phonon-qt6	0:4.12.0-11.fc44.aarch64	phonon-4.12.0-11.fc44.src.rpm
phonon-qt6-backend-vlc	0:0.12.0-8.fc44.aarch64	phonon-backend-vlc-0.12.0-8.fc44.src.rpm
pinentry	0:1.3.2-3.fc44.aarch64	pinentry-1.3.2-3.fc44.src.rpm
pinentry-qt	0:1.3.2-3.fc44.aarch64	pinentry-1.3.2-3.fc44.src.rpm
pipewire	0:1.6.8-1.fc44.aarch64	pipewire-1.6.8-1.fc44.src.rpm
pipewire-alsa	0:1.6.8-1.fc44.aarch64	pipewire-1.6.8-1.fc44.src.rpm
pipewire-libs	0:1.6.8-1.fc44.aarch64	pipewire-1.6.8-1.fc44.src.rpm
pipewire-pulseaudio	0:1.6.8-1.fc44.aarch64	pipewire-1.6.8-1.fc44.src.rpm
pipewire-utils	0:1.6.8-1.fc44.aarch64	pipewire-1.6.8-1.fc44.src.rpm
pixman	0:0.46.2-3.fc44.aarch64	pixman-0.46.2-3.fc44.src.rpm
pkcs11-helper	0:1.30.0-5.fc44.aarch64	pkcs11-helper-1.30.0-5.fc44.src.rpm
pkgconf	0:2.5.1-1.fc44.aarch64	pkgconf-2.5.1-1.fc44.src.rpm
pkgconf-m4	0:2.5.1-1.fc44.noarch	pkgconf-2.5.1-1.fc44.src.rpm
pkgconf-pkg-config	0:2.5.1-1.fc44.aarch64	pkgconf-2.5.1-1.fc44.src.rpm
plasma-activities	0:6.7.4-1.fc44.aarch64	plasma-activities-6.7.4-1.fc44.src.rpm
plasma-activities-stats	0:6.7.4-1.fc44.aarch64	plasma-activities-stats-6.7.4-1.fc44.src.rpm
plasma-breeze	0:6.7.4-2.fc44.aarch64	plasma-breeze-6.7.4-2.fc44.src.rpm
plasma-breeze-common	0:6.7.4-2.fc44.noarch	plasma-breeze-6.7.4-2.fc44.src.rpm
plasma-breeze-qt6	0:6.7.4-2.fc44.aarch64	plasma-breeze-6.7.4-2.fc44.src.rpm
plasma-desktop	0:6.7.4-1.fc44.aarch64	plasma-desktop-6.7.4-1.fc44.src.rpm
plasma-desktop-doc	0:6.7.4-1.fc44.noarch	plasma-desktop-6.7.4-1.fc44.src.rpm
plasma-discover	0:6.7.4-1.fc44.aarch64	plasma-discover-6.7.4-1.fc44.src.rpm
plasma-discover-flatpak	0:6.7.4-1.fc44.aarch64	plasma-discover-6.7.4-1.fc44.src.rpm
plasma-discover-libs	0:6.7.4-1.fc44.aarch64	plasma-discover-6.7.4-1.fc44.src.rpm
plasma-discover-notifier	0:6.7.4-1.fc44.aarch64	plasma-discover-6.7.4-1.fc44.src.rpm
plasma-discover-offline-updates	0:6.7.4-1.fc44.aarch64	plasma-discover-6.7.4-1.fc44.src.rpm
plasma-discover-packagekit	0:6.7.4-1.fc44.aarch64	plasma-discover-6.7.4-1.fc44.src.rpm
plasma-disks	0:6.7.4-1.fc44.aarch64	plasma-disks-6.7.4-1.fc44.src.rpm
plasma-drkonqi	0:6.7.4-1.fc44.aarch64	plasma-drkonqi-6.7.4-1.fc44.src.rpm
plasma-integration	0:6.7.4-1.fc44.aarch64	plasma-integration-6.7.4-1.fc44.src.rpm
plasma-keyboard	1:6.7.4-1.fc44.aarch64	plasma-keyboard-6.7.4-1.fc44.src.rpm
plasma-login-manager	0:6.7.4-1.fc44.aarch64	plasma-login-manager-6.7.4-1.fc44.src.rpm
plasma-lookandfeel-fedora	0:6.7.4-2.fc44.noarch	plasma-workspace-6.7.4-2.fc44.src.rpm
plasma-milou	0:6.7.4-1.fc44.aarch64	plasma-milou-6.7.4-1.fc44.src.rpm
plasma-nm	0:6.7.4-1.fc44.aarch64	plasma-nm-6.7.4-1.fc44.src.rpm
plasma-nm-l2tp	0:6.7.4-1.fc44.aarch64	plasma-nm-6.7.4-1.fc44.src.rpm
plasma-nm-openconnect	0:6.7.4-1.fc44.aarch64	plasma-nm-6.7.4-1.fc44.src.rpm
plasma-nm-openswan	0:6.7.4-1.fc44.aarch64	plasma-nm-6.7.4-1.fc44.src.rpm
plasma-nm-openvpn	0:6.7.4-1.fc44.aarch64	plasma-nm-6.7.4-1.fc44.src.rpm
plasma-nm-pptp	0:6.7.4-1.fc44.aarch64	plasma-nm-6.7.4-1.fc44.src.rpm
plasma-nm-vpnc	0:6.7.4-1.fc44.aarch64	plasma-nm-6.7.4-1.fc44.src.rpm
plasma-pa	0:6.7.4-1.fc44.aarch64	plasma-pa-6.7.4-1.fc44.src.rpm
plasma-print-manager	0:6.7.4-1.fc44.aarch64	plasma-print-manager-6.7.4-1.fc44.src.rpm
plasma-print-manager-libs	0:6.7.4-1.fc44.aarch64	plasma-print-manager-6.7.4-1.fc44.src.rpm
plasma-setup	0:6.7.4-1.fc44.aarch64	plasma-setup-6.7.4-1.fc44.src.rpm
plasma-systemmonitor	0:6.7.4-1.fc44.aarch64	plasma-systemmonitor-6.7.4-1.fc44.src.rpm
plasma-systemsettings	0:6.7.4-1.fc44.aarch64	plasma-systemsettings-6.7.4-1.fc44.src.rpm
plasma-thunderbolt	0:6.7.4-1.fc44.aarch64	plasma-thunderbolt-6.7.4-1.fc44.src.rpm
plasma-vault	0:6.7.4-1.fc44.aarch64	plasma-vault-6.7.4-1.fc44.src.rpm
plasma-welcome	0:6.7.4-1.fc44.aarch64	plasma-welcome-6.7.4-1.fc44.src.rpm
plasma-workspace	0:6.7.4-2.fc44.aarch64	plasma-workspace-6.7.4-2.fc44.src.rpm
plasma-workspace-common	0:6.7.4-2.fc44.aarch64	plasma-workspace-6.7.4-2.fc44.src.rpm
plasma-workspace-libs	0:6.7.4-2.fc44.aarch64	plasma-workspace-6.7.4-2.fc44.src.rpm
plasma-workspace-wallpapers	0:6.7.4-1.fc44.noarch	plasma-workspace-wallpapers-6.7.4-1.fc44.src.rpm
plasma5support	0:6.7.4-1.fc44.aarch64	plasma5support-6.7.4-1.fc44.src.rpm
plutosvg	0:0.0.8-2.fc44.aarch64	plutosvg-0.0.8-2.fc44.src.rpm
plutovg	0:1.3.3-1.fc44.aarch64	plutovg-1.3.3-1.fc44.src.rpm
pocketds-base	0:1-20260731091750.fc44.noarch	pocketds-1-20260731091750.fc44.src.rpm
pocketds-firmware	0:20260811-20260811175327.fc44.aarch64	pocketds-firmware-20260811-20260811175327.fc44.src.rpm
pocketds-kde	0:1-20260731091750.fc44.noarch	pocketds-1-20260731091750.fc44.src.rpm
pocketds-userspace	0:20260507-20260730174706.pds2.fc44.noarch	pocketds-userspace-20260507-20260730174706.pds2.fc44.src.rpm
podman	5:5.8.4-1.fc44.aarch64	podman-5.8.4-1.fc44.src.rpm
podman-sequoia	0:0.3.2-2.fc44.aarch64	rust-podman-sequoia-0.3.2-2.fc44.src.rpm
polkit	0:127-2.fc44.2.aarch64	polkit-127-2.fc44.2.src.rpm
polkit-kde	0:6.7.4-1.fc44.aarch64	polkit-kde-6.7.4-1.fc44.src.rpm
polkit-libs	0:127-2.fc44.2.aarch64	polkit-127-2.fc44.2.src.rpm
polkit-qt6-1	0:0.201.1-1.fc44.aarch64	polkit-qt-1-0.201.1-1.fc44.src.rpm
poly2tri	0:0.0^20130501hg26242d0aa7b8-7.fc44.aarch64	poly2tri-0.0^20130501hg26242d0aa7b8-7.fc44.src.rpm
poppler	0:26.01.0-3.fc44.aarch64	poppler-26.01.0-3.fc44.src.rpm
poppler-cpp	0:26.01.0-3.fc44.aarch64	poppler-26.01.0-3.fc44.src.rpm
poppler-data	0:0.4.11-11.fc44.noarch	poppler-data-0.4.11-11.fc44.src.rpm
poppler-qt6	0:26.01.0-3.fc44.aarch64	poppler-26.01.0-3.fc44.src.rpm
poppler-utils	0:26.01.0-3.fc44.aarch64	poppler-26.01.0-3.fc44.src.rpm
popt	0:1.19-10.fc44.aarch64	popt-1.19-10.fc44.src.rpm
power-profiles-daemon	0:0.30-3.fc44.aarch64	power-profiles-daemon-0.30-3.fc44.src.rpm
powerdevil	0:6.7.3-1.fc44.pocketds1.aarch64	powerdevil-6.7.3-1.fc44.pocketds1.src.rpm
ppp	0:2.5.1-7.fc44.aarch64	ppp-2.5.1-7.fc44.src.rpm
pptp	0:1.10.0-24.fc44.aarch64	pptp-1.10.0-24.fc44.src.rpm
procps-ng	0:4.0.6-1.fc44.aarch64	procps-ng-4.0.6-1.fc44.src.rpm
protobuf-c	0:1.5.2-2.fc44.aarch64	protobuf-c-1.5.2-2.fc44.src.rpm
psmisc	0:23.7-7.fc44.aarch64	psmisc-23.7-7.fc44.src.rpm
publicsuffix-list-dafsa	0:20260116-1.fc44.noarch	publicsuffix-list-20260116-1.fc44.src.rpm
pugixml	0:1.16-1.fc44.aarch64	pugixml-1.16-1.fc44.src.rpm
pulseaudio-libs	0:17.0-9.fc44.aarch64	pulseaudio-17.0-9.fc44.src.rpm
pulseaudio-libs-glib2	0:17.0-9.fc44.aarch64	pulseaudio-17.0-9.fc44.src.rpm
pulseaudio-qt-qt6	0:1.8.1-1.fc44.aarch64	pulseaudio-qt-1.8.1-1.fc44.src.rpm
pulseaudio-utils	0:17.0-9.fc44.aarch64	pulseaudio-17.0-9.fc44.src.rpm
python-pip-wheel	0:26.0.1-3.fc44.noarch	python-pip-26.0.1-3.fc44.src.rpm
python3	0:3.14.7-1.fc44.aarch64	python3.14-3.14.7-1.fc44.src.rpm
python3-abrt	0:2.17.9-1.fc44.aarch64	abrt-2.17.9-1.fc44.src.rpm
python3-abrt-addon	0:2.17.9-1.fc44.noarch	abrt-2.17.9-1.fc44.src.rpm
python3-augeas	0:1.2.0-7.fc44.aarch64	python-augeas-1.2.0-7.fc44.src.rpm
python3-beautifulsoup4	0:4.15.0-1.fc44.noarch	python-beautifulsoup4-4.15.0-1.fc44.src.rpm
python3-cairo	0:1.28.0-5.fc44.aarch64	pycairo-1.28.0-5.fc44.src.rpm
python3-certifi	0:2026.01.04-1.fc44.noarch	python-certifi-2026.01.04-1.fc44.src.rpm
python3-cffi	0:2.0.0-3.fc44.aarch64	python-cffi-2.0.0-3.fc44.src.rpm
python3-charset-normalizer	0:3.4.4-2.fc44.noarch	python-charset-normalizer-3.4.4-2.fc44.src.rpm
python3-click	1:8.3.3-1.fc44.noarch	python-click-8.3.3-1.fc44.src.rpm
python3-cups	0:2.0.4-8.fc44.aarch64	python-cups-2.0.4-8.fc44.src.rpm
python3-dbus	0:1.4.0-9.fc44.aarch64	dbus-python-1.4.0-9.fc44.src.rpm
python3-dnf	0:4.24.0-3.fc44.noarch	dnf-4.24.0-3.fc44.src.rpm
python3-evdev	0:1.9.3-1.fc44.aarch64	python-evdev-1.9.3-1.fc44.src.rpm
python3-firewall	0:2.4.4-1.fc44.noarch	firewalld-2.4.4-1.fc44.src.rpm
python3-gobject	0:3.56.3-1.fc44.aarch64	pygobject3-3.56.3-1.fc44.src.rpm
python3-gobject-base	0:3.56.3-1.fc44.aarch64	pygobject3-3.56.3-1.fc44.src.rpm
python3-hawkey	0:0.75.0-2.fc44.aarch64	libdnf-0.75.0-2.fc44.src.rpm
python3-humanize	0:4.15.0-2.fc44.noarch	python-humanize-4.15.0-2.fc44.src.rpm
python3-idna	0:3.18-1.fc44.noarch	python-idna-3.18-1.fc44.src.rpm
python3-inotify	0:0.9.6-43.fc44.noarch	python-inotify-0.9.6-43.fc44.src.rpm
python3-libcomps	0:0.1.24-1.fc44.aarch64	libcomps-0.1.24-1.fc44.src.rpm
python3-libdnf	0:0.75.0-2.fc44.aarch64	libdnf-0.75.0-2.fc44.src.rpm
python3-libreport	0:2.17.15-10.fc44.aarch64	libreport-2.17.15-10.fc44.src.rpm
python3-libs	0:3.14.7-1.fc44.aarch64	python3.14-3.14.7-1.fc44.src.rpm
python3-linux-procfs	0:0.7.4-3.fc44.noarch	python-linux-procfs-0.7.4-3.fc44.src.rpm
python3-lxml	0:6.1.1-1.fc44.aarch64	python-lxml-6.1.1-1.fc44.src.rpm
python3-nftables	1:1.1.6-2.fc44.noarch	nftables-1.1.6-2.fc44.src.rpm
python3-pip	0:26.0.1-3.fc44.noarch	python-pip-26.0.1-3.fc44.src.rpm
python3-psutil	0:7.2.2-1.fc44.aarch64	python-psutil-7.2.2-1.fc44.src.rpm
python3-pyatspi	0:2.58.2-1.fc44.noarch	pyatspi-2.58.2-1.fc44.src.rpm
python3-pycparser	0:2.22-8.fc44.noarch	python-pycparser-2.22-8.fc44.src.rpm
python3-pygdbmi	0:0.11.0.0-12.fc44.noarch	python-pygdbmi-0.11.0.0-12.fc44.src.rpm
python3-pyside6	0:6.11.2-1.fc44.aarch64	python-pyside6-6.11.2-1.fc44.src.rpm
python3-pyudev	0:0.24.4-3.fc44.noarch	python-pyudev-0.24.4-3.fc44.src.rpm
python3-requests	0:2.33.1-1.fc44.noarch	python-requests-2.33.1-1.fc44.src.rpm
python3-rpm	0:6.0.2-1.fc44.aarch64	rpm-6.0.2-1.fc44.src.rpm
python3-satyr	0:0.43-10.fc44.aarch64	satyr-0.43-10.fc44.src.rpm
python3-sentry-sdk	0:2.48.0-2.fc44.noarch	python-sentry-sdk-2.48.0-2.fc44.src.rpm
python3-shiboken6	0:6.11.2-1.fc44.aarch64	python-pyside6-6.11.2-1.fc44.src.rpm
python3-soupsieve	0:2.8.3-1.fc44.noarch	python-soupsieve-2.8.3-1.fc44.src.rpm
python3-systemd	0:235-18.fc44.aarch64	python-systemd-235-18.fc44.src.rpm
python3-typing-extensions	0:4.16.0-4.fc44.noarch	python-typing-extensions-4.16.0-4.fc44.src.rpm
python3-urllib3	0:2.7.0-1.fc44.noarch	python-urllib3-2.7.0-1.fc44.src.rpm
qaccessibilityclient-qt6	0:0.6.0-5.fc44.aarch64	qaccessibilityclient-0.6.0-5.fc44.src.rpm
qca-qt6	0:2.3.10-4.fc44.aarch64	qca-2.3.10-4.fc44.src.rpm
qca-qt6-ossl	0:2.3.10-4.fc44.aarch64	qca-2.3.10-4.fc44.src.rpm
qcom-firmware	0:20260810-1.fc44.noarch	linux-firmware-20260810-1.fc44.src.rpm
qcoro-qt6	0:0.12.0-6.fc44.aarch64	qcoro-0.12.0-6.fc44.src.rpm
qpdf-libs	0:12.3.2-1.fc44.aarch64	qpdf-12.3.2-1.fc44.src.rpm
qqc2-breeze-style	0:6.7.4-1.fc44.aarch64	qqc2-breeze-style-6.7.4-1.fc44.src.rpm
qrca	0:26.08.0-1.fc44.aarch64	qrca-26.08.0-1.fc44.src.rpm
qrencode-libs	0:4.1.1-12.fc44.aarch64	qrencode-4.1.1-12.fc44.src.rpm
qt6-filesystem	0:6.11.2-1.fc44.aarch64	qt6-6.11.2-1.fc44.src.rpm
qt6-qt3d	0:6.11.2-1.fc44.aarch64	qt6-qt3d-6.11.2-1.fc44.src.rpm
qt6-qt5compat	0:6.11.2-1.fc44.aarch64	qt6-qt5compat-6.11.2-1.fc44.src.rpm
qt6-qtbase	0:6.11.2-2.fc44.aarch64	qt6-qtbase-6.11.2-2.fc44.src.rpm
qt6-qtbase-common	0:6.11.2-2.fc44.noarch	qt6-qtbase-6.11.2-2.fc44.src.rpm
qt6-qtbase-gui	0:6.11.2-2.fc44.aarch64	qt6-qtbase-6.11.2-2.fc44.src.rpm
qt6-qtbase-mysql	0:6.11.2-2.fc44.aarch64	qt6-qtbase-6.11.2-2.fc44.src.rpm
qt6-qtcharts	0:6.11.2-1.fc44.aarch64	qt6-qtcharts-6.11.2-1.fc44.src.rpm
qt6-qtconnectivity	0:6.11.2-1.fc44.aarch64	qt6-qtconnectivity-6.11.2-1.fc44.src.rpm
qt6-qtdatavis3d	0:6.11.2-1.fc44.aarch64	qt6-qtdatavis3d-6.11.2-1.fc44.src.rpm
qt6-qtdeclarative	0:6.11.2-1.fc44.aarch64	qt6-qtdeclarative-6.11.2-1.fc44.src.rpm
qt6-qtgraphs	0:6.11.2-1.fc44.aarch64	qt6-qtgraphs-6.11.2-1.fc44.src.rpm
qt6-qthttpserver	0:6.11.2-1.fc44.aarch64	qt6-qthttpserver-6.11.2-1.fc44.src.rpm
qt6-qtimageformats	0:6.11.2-1.fc44.aarch64	qt6-qtimageformats-6.11.2-1.fc44.src.rpm
qt6-qtlocation	0:6.11.2-1.fc44.aarch64	qt6-qtlocation-6.11.2-1.fc44.src.rpm
qt6-qtmultimedia	0:6.11.2-1.fc44.aarch64	qt6-qtmultimedia-6.11.2-1.fc44.src.rpm
qt6-qtnetworkauth	0:6.11.2-1.fc44.aarch64	qt6-qtnetworkauth-6.11.2-1.fc44.src.rpm
qt6-qtpdf	0:6.11.2-2.fc44.aarch64	qt6-qtwebengine-6.11.2-2.fc44.src.rpm
qt6-qtpositioning	0:6.11.2-1.fc44.aarch64	qt6-qtpositioning-6.11.2-1.fc44.src.rpm
qt6-qtquick3d	0:6.11.2-1.fc44.aarch64	qt6-qtquick3d-6.11.2-1.fc44.src.rpm
qt6-qtquicktimeline	0:6.11.2-1.fc44.aarch64	qt6-qtquicktimeline-6.11.2-1.fc44.src.rpm
qt6-qtremoteobjects	0:6.11.2-1.fc44.aarch64	qt6-qtremoteobjects-6.11.2-1.fc44.src.rpm
qt6-qtscxml	0:6.11.2-1.fc44.aarch64	qt6-qtscxml-6.11.2-1.fc44.src.rpm
qt6-qtsensors	0:6.11.2-1.fc44.aarch64	qt6-qtsensors-6.11.2-1.fc44.src.rpm
qt6-qtserialbus	0:6.11.2-1.fc44.aarch64	qt6-qtserialbus-6.11.2-1.fc44.src.rpm
qt6-qtserialport	0:6.11.2-1.fc44.aarch64	qt6-qtserialport-6.11.2-1.fc44.src.rpm
qt6-qtshadertools	0:6.11.2-1.fc44.aarch64	qt6-qtshadertools-6.11.2-1.fc44.src.rpm
qt6-qtspeech	0:6.11.2-1.fc44.aarch64	qt6-qtspeech-6.11.2-1.fc44.src.rpm
qt6-qtsvg	0:6.11.2-1.fc44.aarch64	qt6-qtsvg-6.11.2-1.fc44.src.rpm
qt6-qttools	0:6.11.2-1.fc44.aarch64	qt6-qttools-6.11.2-1.fc44.src.rpm
qt6-qttools-common	0:6.11.2-1.fc44.noarch	qt6-qttools-6.11.2-1.fc44.src.rpm
qt6-qttools-libs-designer	0:6.11.2-1.fc44.aarch64	qt6-qttools-6.11.2-1.fc44.src.rpm
qt6-qttools-libs-help	0:6.11.2-1.fc44.aarch64	qt6-qttools-6.11.2-1.fc44.src.rpm
qt6-qtvirtualkeyboard	0:6.11.2-1.fc44.aarch64	qt6-qtvirtualkeyboard-6.11.2-1.fc44.src.rpm
qt6-qtwayland	0:6.11.2-1.fc44.aarch64	qt6-qtwayland-6.11.2-1.fc44.src.rpm
qt6-qtwebchannel	0:6.11.2-1.fc44.aarch64	qt6-qtwebchannel-6.11.2-1.fc44.src.rpm
qt6-qtwebengine	0:6.11.2-2.fc44.aarch64	qt6-qtwebengine-6.11.2-2.fc44.src.rpm
qt6-qtwebsockets	0:6.11.2-1.fc44.aarch64	qt6-qtwebsockets-6.11.2-1.fc44.src.rpm
qt6-qtwebview	0:6.11.2-1.fc44.aarch64	qt6-qtwebview-6.11.2-1.fc44.src.rpm
qtkeychain-qt6	0:0.16.0-1.fc44.aarch64	qtkeychain-0.16.0-1.fc44.src.rpm
rav1e-libs	0:0.8.1-3.fc44.aarch64	rust-rav1e-0.8.1-3.fc44.src.rpm
rdma-core-common	0:61.0-2.fc44.noarch	rdma-core-61.0-2.fc44.src.rpm
re2	2:20251105-4.fc44.aarch64	re2-20251105-4.fc44.src.rpm
readline	0:8.3-4.fc44.aarch64	readline-8.3-4.fc44.src.rpm
redhat-menus	0:12.0.2-39.fc44.noarch	redhat-menus-12.0.2-39.fc44.src.rpm
rpm	0:6.0.2-1.fc44.aarch64	rpm-6.0.2-1.fc44.src.rpm
rpm-build-libs	0:6.0.2-1.fc44.aarch64	rpm-6.0.2-1.fc44.src.rpm
rpm-libs	0:6.0.2-1.fc44.aarch64	rpm-6.0.2-1.fc44.src.rpm
rpm-sequoia	0:1.10.2-4.fc44.aarch64	rust-rpm-sequoia-1.10.2-4.fc44.src.rpm
rpm-sign-libs	0:6.0.2-1.fc44.aarch64	rpm-6.0.2-1.fc44.src.rpm
rtkit	0:0.11-70.fc44.aarch64	rtkit-0.11-70.fc44.src.rpm
rubberband-libs	0:4.0.0-5.fc44.aarch64	rubberband-4.0.0-5.fc44.src.rpm
samba	2:4.24.6-1.fc44.aarch64	samba-4.24.6-1.fc44.src.rpm
samba-client-libs	2:4.24.6-1.fc44.aarch64	samba-4.24.6-1.fc44.src.rpm
samba-common	2:4.24.6-1.fc44.noarch	samba-4.24.6-1.fc44.src.rpm
samba-common-tools	2:4.24.6-1.fc44.aarch64	samba-4.24.6-1.fc44.src.rpm
samba-core-libs	2:4.24.6-1.fc44.aarch64	samba-4.24.6-1.fc44.src.rpm
samba-dcerpc	2:4.24.6-1.fc44.aarch64	samba-4.24.6-1.fc44.src.rpm
samba-ldb-ldap-modules	2:4.24.6-1.fc44.aarch64	samba-4.24.6-1.fc44.src.rpm
samba-libs	2:4.24.6-1.fc44.aarch64	samba-4.24.6-1.fc44.src.rpm
samba-ndr-libs	2:4.24.6-1.fc44.aarch64	samba-4.24.6-1.fc44.src.rpm
samba-usershares	2:4.24.6-1.fc44.noarch	samba-4.24.6-1.fc44.src.rpm
sane-backends-libs	0:1.4.0-6.fc44.aarch64	sane-backends-1.4.0-6.fc44.src.rpm
satyr	0:0.43-10.fc44.aarch64	satyr-0.43-10.fc44.src.rpm
sdbus-cpp	0:2.2.1-2.fc44.aarch64	sdbus-cpp-2.2.1-2.fc44.src.rpm
sdl2-compat	0:2.32.72-1.fc44.aarch64	sdl2-compat-2.32.72-1.fc44.src.rpm
sed	0:4.9-7.fc44.aarch64	sed-4.9-7.fc44.src.rpm
serd	0:0.32.8-1.fc44.aarch64	serd-0.32.8-1.fc44.src.rpm
setup	0:2.15.0-28.fc44.noarch	setup-2.15.0-28.fc44.src.rpm
setxkbmap	0:1.3.4-7.fc44.aarch64	setxkbmap-1.3.4-7.fc44.src.rpm
sgml-common	0:0.6.3-68.fc44.noarch	sgml-common-0.6.3-68.fc44.src.rpm
shadow-utils	2:4.19.0-7.fc44.aarch64	shadow-utils-4.19.0-7.fc44.src.rpm
shadow-utils-subid	2:4.19.0-7.fc44.aarch64	shadow-utils-4.19.0-7.fc44.src.rpm
shared-mime-info	0:2.4-3.fc44.aarch64	shared-mime-info-2.4-3.fc44.src.rpm
signon	0:8.60^20240205.c8ad982-5.fc44.aarch64	signon-8.60^20240205.c8ad982-5.fc44.src.rpm
signon-kwallet-extension	0:26.08.0-1.fc44.aarch64	signon-kwallet-extension-26.08.0-1.fc44.src.rpm
signon-plugin-oauth2	0:0.25^20231216.fab6988-7.fc44.aarch64	signon-plugin-oauth2-0.25^20231216.fab6988-7.fc44.src.rpm
signon-qt6	0:8.60^20240205.c8ad982-5.fc44.aarch64	signon-8.60^20240205.c8ad982-5.fc44.src.rpm
signon-ui	0:0.15^20240205.eef943f-6.fc44.aarch64	signon-ui-0.15^20240205.eef943f-6.fc44.src.rpm
skanpage	0:26.08.0-1.fc44.aarch64	skanpage-26.08.0-1.fc44.src.rpm
smartmontools	1:7.5-9.fc44.aarch64	smartmontools-7.5-9.fc44.src.rpm
snappy	0:1.2.2-4.fc44.aarch64	snappy-1.2.2-4.fc44.src.rpm
socat	0:1.8.1.1-1.fc44.aarch64	socat-1.8.1.1-1.fc44.src.rpm
sord	0:0.16.22-1.fc44.aarch64	sord-0.16.22-1.fc44.src.rpm
sound-theme-freedesktop	0:0.8-31.fc44.noarch	sound-theme-freedesktop-0.8-31.fc44.src.rpm
soundtouch	0:2.4.0-3.fc44.aarch64	soundtouch-2.4.0-3.fc44.src.rpm
source-foundry-hack-fonts	0:3.003-7.fc44.noarch	source-foundry-hack-fonts-3.003-7.fc44.src.rpm
source-highlight	0:3.1.9-27.fc44.aarch64	source-highlight-3.1.9-27.fc44.src.rpm
soxr	0:0.1.3-21.fc44.aarch64	soxr-0.1.3-21.fc44.src.rpm
spandsp	0:0.0.6-22.fc44.aarch64	spandsp-0.0.6-22.fc44.src.rpm
spectacle	1:6.7.4-1.fc44.aarch64	spectacle-6.7.4-1.fc44.src.rpm
speex	0:1.2.0-21.fc44.aarch64	speex-1.2.0-21.fc44.src.rpm
spirv-tools-libs	0:2026.1-1.fc44.aarch64	spirv-tools-2026.1-1.fc44.src.rpm
sqlite-libs	0:3.51.2-2.fc44.aarch64	sqlite-3.51.2-2.fc44.src.rpm
sratom	0:0.6.22-1.fc44.aarch64	sratom-0.6.22-1.fc44.src.rpm
srt-libs	0:1.5.7-1.fc44.aarch64	srt-1.5.7-1.fc44.src.rpm
sso-mib-libs	0:0.8.0-1.fc44.aarch64	sso-mib-0.8.0-1.fc44.src.rpm
stoken-libs	0:0.93-2.fc44.aarch64	stoken-0.93-2.fc44.src.rpm
sudo	0:1.9.17-8.p2.fc44.aarch64	sudo-1.9.17-8.p2.fc44.src.rpm
svt-av1-libs	0:3.1.2-2.fc44.aarch64	svt-av1-3.1.2-2.fc44.src.rpm
system-config-printer-libs	0:1.5.18-20.fc44.noarch	system-config-printer-1.5.18-20.fc44.src.rpm
systemd	0:259.8-1.fc44.aarch64	systemd-259.8-1.fc44.src.rpm
systemd-container	0:259.8-1.fc44.aarch64	systemd-259.8-1.fc44.src.rpm
systemd-libs	0:259.8-1.fc44.aarch64	systemd-259.8-1.fc44.src.rpm
systemd-oomd-defaults	0:259.8-1.fc44.noarch	systemd-259.8-1.fc44.src.rpm
systemd-pam	0:259.8-1.fc44.aarch64	systemd-259.8-1.fc44.src.rpm
systemd-resolved	0:259.8-1.fc44.aarch64	systemd-259.8-1.fc44.src.rpm
systemd-shared	0:259.8-1.fc44.aarch64	systemd-259.8-1.fc44.src.rpm
systemd-sysusers	0:259.8-1.fc44.aarch64	systemd-259.8-1.fc44.src.rpm
systemd-udev	0:259.8-1.fc44.aarch64	systemd-259.8-1.fc44.src.rpm
taglib	0:2.3-2.fc44.aarch64	taglib-2.3-2.fc44.src.rpm
tar	2:1.35-8.fc44.aarch64	tar-1.35-8.fc44.src.rpm
tbb	0:2022.3.0-3.fc44.aarch64	tbb-2022.3.0-3.fc44.src.rpm
tesseract-common	0:5.5.3-1.fc44.noarch	tesseract-5.5.3-1.fc44.src.rpm
tesseract-langpack-eng	0:4.1.0-12.fc44.noarch	tesseract-tessdata-4.1.0-12.fc44.src.rpm
tesseract-libs	0:5.5.3-1.fc44.aarch64	tesseract-5.5.3-1.fc44.src.rpm
tesseract-tessdata-doc	0:4.1.0-12.fc44.noarch	tesseract-tessdata-4.1.0-12.fc44.src.rpm
toolbox	0:0.3-4.fc44.aarch64	toolbox-0.3-4.fc44.src.rpm
tpm2-tss	0:4.1.3-9.fc44.aarch64	tpm2-tss-4.1.3-9.fc44.src.rpm
tslib	0:1.24-2.fc44.aarch64	tslib-1.24-2.fc44.src.rpm
tuned	0:2.27.0-1.fc44.noarch	tuned-2.27.0-1.fc44.src.rpm
twolame-libs	0:0.4.0-9.fc44.aarch64	twolame-0.4.0-9.fc44.src.rpm
tzdata	0:2026c-1.fc44.noarch	tzdata-2026c-1.fc44.src.rpm
udisks2	0:2.11.2-1.fc44.aarch64	udisks2-2.11.2-1.fc44.src.rpm
umtp-responder	0:1.9.1-20260731095417.fc44.aarch64	umtp-responder-1.9.1-20260731095417.fc44.src.rpm
unbound-libs	0:1.26.0-1.fc44.aarch64	unbound-1.26.0-1.fc44.src.rpm
unity-gtk-module-common	0:0.0.0+17.04.20170403-24.fc44.noarch	unity-gtk-module-0.0.0+17.04.20170403-24.fc44.src.rpm
unity-gtk3-module	0:0.0.0+17.04.20170403-24.fc44.aarch64	unity-gtk-module-0.0.0+17.04.20170403-24.fc44.src.rpm
unzip	0:6.0-69.fc44.aarch64	unzip-6.0-69.fc44.src.rpm
upower	0:1.91.3-1.fc44.aarch64	upower-1.91.3-1.fc44.src.rpm
upower-libs	0:1.91.3-1.fc44.aarch64	upower-1.91.3-1.fc44.src.rpm
uresourced	0:0.5.4-5.fc44.aarch64	uresourced-0.5.4-5.fc44.src.rpm
uriparser	0:1.0.2-1.fc44.aarch64	uriparser-1.0.2-1.fc44.src.rpm
urw-base35-bookman-fonts	0:20200910-27.fc44.noarch	urw-base35-fonts-20200910-27.fc44.src.rpm
urw-base35-c059-fonts	0:20200910-27.fc44.noarch	urw-base35-fonts-20200910-27.fc44.src.rpm
urw-base35-d050000l-fonts	0:20200910-27.fc44.noarch	urw-base35-fonts-20200910-27.fc44.src.rpm
urw-base35-fonts	0:20200910-27.fc44.noarch	urw-base35-fonts-20200910-27.fc44.src.rpm
urw-base35-fonts-common	0:20200910-27.fc44.noarch	urw-base35-fonts-20200910-27.fc44.src.rpm
urw-base35-gothic-fonts	0:20200910-27.fc44.noarch	urw-base35-fonts-20200910-27.fc44.src.rpm
urw-base35-nimbus-mono-ps-fonts	0:20200910-27.fc44.noarch	urw-base35-fonts-20200910-27.fc44.src.rpm
urw-base35-nimbus-roman-fonts	0:20200910-27.fc44.noarch	urw-base35-fonts-20200910-27.fc44.src.rpm
urw-base35-nimbus-sans-fonts	0:20200910-27.fc44.noarch	urw-base35-fonts-20200910-27.fc44.src.rpm
urw-base35-p052-fonts	0:20200910-27.fc44.noarch	urw-base35-fonts-20200910-27.fc44.src.rpm
urw-base35-standard-symbols-ps-fonts	0:20200910-27.fc44.noarch	urw-base35-fonts-20200910-27.fc44.src.rpm
urw-base35-z003-fonts	0:20200910-27.fc44.noarch	urw-base35-fonts-20200910-27.fc44.src.rpm
usermode	0:1.114-16.fc44.aarch64	usermode-1.114-16.fc44.src.rpm
util-linux	0:2.41.5-1.fc44.aarch64	util-linux-2.41.5-1.fc44.src.rpm
util-linux-core	0:2.41.5-1.fc44.aarch64	util-linux-2.41.5-1.fc44.src.rpm
vid.stab	0:1.1.1-8.fc44.aarch64	vid.stab-1.1.1-8.fc44.src.rpm
vim-common	2:9.2.967-1.fc44.aarch64	vim-9.2.967-1.fc44.src.rpm
vim-data	2:9.2.967-1.fc44.noarch	vim-9.2.967-1.fc44.src.rpm
vim-default-editor	2:9.2.967-1.fc44.noarch	vim-9.2.967-1.fc44.src.rpm
vim-enhanced	2:9.2.967-1.fc44.aarch64	vim-9.2.967-1.fc44.src.rpm
vim-filesystem	2:9.2.967-1.fc44.noarch	vim-9.2.967-1.fc44.src.rpm
virt-what	0:1.27-5.fc44.aarch64	virt-what-1.27-5.fc44.src.rpm
vlc-libs	1:3.0.23-10.fc44.aarch64	vlc-3.0.23-10.fc44.src.rpm
vlc-plugin-gstreamer	1:3.0.23-10.fc44.aarch64	vlc-3.0.23-10.fc44.src.rpm
vlc-plugin-pulseaudio	1:3.0.23-10.fc44.aarch64	vlc-3.0.23-10.fc44.src.rpm
vlc-plugins-base	1:3.0.23-10.fc44.aarch64	vlc-3.0.23-10.fc44.src.rpm
vo-amrwbenc	0:0.1.3-24.fc44.aarch64	vo-amrwbenc-0.1.3-24.fc44.src.rpm
volume_key-libs	0:0.3.12-29.fc44.aarch64	volume_key-0.3.12-29.fc44.src.rpm
vpnc	0:0.5.3^20241114.git11e15a1-4.fc44.aarch64	vpnc-0.5.3^20241114.git11e15a1-4.fc44.src.rpm
vpnc-script	0:20230907-7.git5b9e7e4c.fc44.noarch	vpnc-script-20230907-7.git5b9e7e4c.fc44.src.rpm
vulkan-loader	0:1.4.341.0-1.fc44.aarch64	vulkan-loader-1.4.341.0-1.fc44.src.rpm
vulkan-tools	0:1.4.341.0-1.fc44.aarch64	vulkan-tools-1.4.341.0-1.fc44.src.rpm
wavpack	0:5.9.0-2.fc44.aarch64	wavpack-5.9.0-2.fc44.src.rpm
wayland-utils	0:1.3.0-3.fc44.aarch64	wayland-utils-1.3.0-3.fc44.src.rpm
webrtc-audio-processing	0:2.1-5.fc44.aarch64	webrtc-audio-processing-2.1-5.fc44.src.rpm
wget2	0:2.2.1-2.fc44.aarch64	wget2-2.2.1-2.fc44.src.rpm
wget2-libs	0:2.2.1-2.fc44.aarch64	wget2-2.2.1-2.fc44.src.rpm
wget2-wget	0:2.2.1-2.fc44.aarch64	wget2-2.2.1-2.fc44.src.rpm
which	0:2.25-1.fc44.aarch64	which-2.25-1.fc44.src.rpm
wireless-regdb	0:2026.09.03-1.fc44.noarch	wireless-regdb-2026.09.03-1.fc44.src.rpm
wireplumber	0:0.5.14-1.fc44.aarch64	wireplumber-0.5.14-1.fc44.src.rpm
wireplumber-libs	0:0.5.14-1.fc44.aarch64	wireplumber-0.5.14-1.fc44.src.rpm
wpa_supplicant	1:2.11-9.fc44.aarch64	wpa_supplicant-2.11-9.fc44.src.rpm
xapian-core-libs	0:1.4.30-2.fc44.aarch64	xapian-core-1.4.30-2.fc44.src.rpm
xcb-imdkit	0:1.0.9-6.fc44.aarch64	xcb-imdkit-1.0.9-6.fc44.src.rpm
xcb-util	0:0.4.1-9.fc44.aarch64	xcb-util-0.4.1-9.fc44.src.rpm
xcb-util-cursor	0:0.1.6-2.fc44.aarch64	xcb-util-cursor-0.1.6-2.fc44.src.rpm
xcb-util-image	0:0.4.1-9.fc44.aarch64	xcb-util-image-0.4.1-9.fc44.src.rpm
xcb-util-keysyms	0:0.4.1-9.fc44.aarch64	xcb-util-keysyms-0.4.1-9.fc44.src.rpm
xcb-util-renderutil	0:0.3.10-9.fc44.aarch64	xcb-util-renderutil-0.3.10-9.fc44.src.rpm
xcb-util-wm	0:0.4.2-9.fc44.aarch64	xcb-util-wm-0.4.2-9.fc44.src.rpm
xdg-dbus-proxy	0:0.1.8-1.fc44.aarch64	xdg-dbus-proxy-0.1.8-1.fc44.src.rpm
xdg-desktop-portal	0:1.22.1-1.fc44.aarch64	xdg-desktop-portal-1.22.1-1.fc44.src.rpm
xdg-desktop-portal-gtk	0:1.15.3-3.fc44.aarch64	xdg-desktop-portal-gtk-1.15.3-3.fc44.src.rpm
xdg-desktop-portal-kde	0:6.7.4-1.fc44.aarch64	xdg-desktop-portal-kde-6.7.4-1.fc44.src.rpm
xdg-user-dirs	0:0.18-11.fc43.aarch64	xdg-user-dirs-0.18-11.fc43.src.rpm
xdg-utils	0:1.2.1-5.fc44.noarch	xdg-utils-1.2.1-5.fc44.src.rpm
xdpyinfo	0:1.3.4-4.fc44.aarch64	xdpyinfo-1.3.4-4.fc44.src.rpm
xevd-libs	0:0.5.0-6.fc44.aarch64	xevd-0.5.0-6.fc44.src.rpm
xeve-libs	0:0.5.1-6.fc44.aarch64	xeve-0.5.1-6.fc44.src.rpm
xhost	0:1.0.9-11.fc44.aarch64	xhost-1.0.9-11.fc44.src.rpm
xkbcomp	0:1.5.0-2.fc44.aarch64	xkbcomp-1.5.0-2.fc44.src.rpm
xkeyboard-config	0:2.47-1.fc44.noarch	xkeyboard-config-2.47-1.fc44.src.rpm
xmessage	0:1.0.7-8.fc44.aarch64	xmessage-1.0.7-8.fc44.src.rpm
xml-common	0:0.6.3-68.fc44.noarch	sgml-common-0.6.3-68.fc44.src.rpm
xmlrpc-c	0:1.60.04-5.fc44.aarch64	xmlrpc-c-1.60.04-5.fc44.src.rpm
xmlrpc-c-client	0:1.60.04-5.fc44.aarch64	xmlrpc-c-1.60.04-5.fc44.src.rpm
xmlsec1	1:1.2.41-4.fc44.aarch64	xmlsec1-1.2.41-4.fc44.src.rpm
xmodmap	0:1.0.11-10.fc44.aarch64	xmodmap-1.0.11-10.fc44.src.rpm
xorg-x11-server-Xwayland	0:24.1.13-1.fc44.aarch64	xorg-x11-server-Xwayland-24.1.13-1.fc44.src.rpm
xorg-x11-xauth	1:1.1.5-1.fc44.aarch64	xorg-x11-xauth-1.1.5-1.fc44.src.rpm
xorg-x11-xinit	0:1.4.3-4.fc44.aarch64	xorg-x11-xinit-1.4.3-4.fc44.src.rpm
xprop	0:1.2.8-5.fc44.aarch64	xprop-1.2.8-5.fc44.src.rpm
xrdb	0:1.2.2-7.fc44.aarch64	xrdb-1.2.2-7.fc44.src.rpm
xvidcore	0:1.3.7-19.fc44.aarch64	xvidcore-1.3.7-19.fc44.src.rpm
xwaylandvideobridge	0:0.5.2-1.fc44.aarch64	xwaylandvideobridge-0.5.2-1.fc44.src.rpm
xxd	2:9.2.967-1.fc44.aarch64	vim-9.2.967-1.fc44.src.rpm
xxhash-libs	0:0.8.3-4.fc44.aarch64	xxhash-0.8.3-4.fc44.src.rpm
xz	1:5.8.2-2.fc44.aarch64	xz-5.8.2-2.fc44.src.rpm
xz-libs	1:5.8.2-2.fc44.aarch64	xz-5.8.2-2.fc44.src.rpm
yaml-cpp	0:0.8.0-5.fc44.aarch64	yaml-cpp-0.8.0-5.fc44.src.rpm
zchunk-libs	0:1.5.4-1.fc44.aarch64	zchunk-1.5.4-1.fc44.src.rpm
zeromq	0:4.3.5-22.fc43.aarch64	zeromq-4.3.5-22.fc43.src.rpm
zimg	0:3.0.6-3.fc44.aarch64	zimg-3.0.6-3.fc44.src.rpm
zix	0:0.8.0-2.fc44.aarch64	zix-0.8.0-2.fc44.src.rpm
zlib-ng-compat	0:2.3.3-3.fc44.aarch64	zlib-ng-2.3.3-3.fc44.src.rpm
zram-generator	0:1.2.1-5.fc44.aarch64	zram-generator-1.2.1-5.fc44.src.rpm
zram-generator-defaults	0:1.2.1-5.fc44.noarch	zram-generator-1.2.1-5.fc44.src.rpm
zstd	0:1.5.7-5.fc44.aarch64	zstd-1.5.7-5.fc44.src.rpm
zvbi	0:0.2.44-3.fc44.aarch64	zvbi-0.2.44-3.fc44.src.rpm
zxing-cpp	0:2.2.1-6.fc44.aarch64	zxing-cpp-2.2.1-6.fc44.src.rpm
